编号,优先级,实施批次,领域,优化项,当前成熟度,现状与依据,建议方案,预期收益,建议验收指标（非当前实绩）,最小验收范围,前置项,实施规模（粗估）,保护与回退边界,建议负责角色,依据,实施状态,实现入口,聚焦验收,生产状态
OPT-001,P0,第一批：可控发布,工作流程,限定单次变更和交付范围,已发生范围扩展,38条审批已完成后继续处理提炼失败与多轮发布，审批完成时间被后续排障掩盖。,每次执行绑定明确对象、动作和完成条件。审批、数据修复、功能开发和发布分别记录结果，额外问题进入待办；明确暂停后只保留必要安全收尾。,避免小任务扩成持续部署；让用户及时获得已完成结果。,单次作业都有完成条件；新增对象或阶段有明确授权依据；审批成功不因后续提炼失败而改记为失败。,一个审批成功且下游失败的流程；一个用户中途要求只分析的流程。,无,小（流程与入口）,不增加重复确认；复用已有明确授权，不把“全部批准”扩展到未来候选。,产品负责人、研发负责人,项目记录2026-09-11；VAW-FOCUSED-VALIDATION-001；SAFE-EFFICIENT-EXECUTION-001,已完成；本地影响验收与生产部署完成,scripts/lib/release-operation.mjs; docs/architecture/2026-09-11-maintainability-and-fast-release.md,src/test/release-operation.test.ts; src/test/release-impact-deploy.test.ts,已部署；生产影响验收通过（应用4f89131，控制837a123）
OPT-002,P0,第一批：可控发布,发布控制,统一取消信号和安全收尾,缺少完整接线,底层支持AbortSignal，新协调器未传入；外层退出不保证独立子进程组退出。,统一cancel入口，将取消传播到当前受管子进程。区分路由提交前和提交后：提交前停止新动作，提交后记录事实并按预先约定的恢复策略收尾。,用户能可靠停止发布；减少人工定位PID和临时终止操作。,取消后不再启动下一变更步骤；自有子进程全部收束；锁和准入有明确最终状态；已切换事实不被掩盖。,准备期、暂停接单后、路由提交后三个取消场景。,OPT-001,中（协调器与子进程）,只终止作业拥有的进程；不随取消盲目回滚或恢复他人暂停的入口。,发布工具负责人,https://github.com/MAKingljx/video-autoworker/blob/2ea4cf98c53025b9a90e0756ed4e94af7ab6e6f3/video-autoworker/scripts/release-impact-deploy.mjs#L472 ; https://github.com/MAKingljx/video-autoworker/blob/2ea4cf98c53025b9a90e0756ed4e94af7ab6e6f3/video-autoworker/scripts/legacy-release-runner.mjs#L141,已完成；本地影响验收与生产部署完成,scripts/lib/release-operation.mjs; scripts/release-impact-deploy.mjs; scripts/legacy-release-runner.mjs,src/test/release-operation.test.ts; src/test/release-impact-deploy.test.ts; src/test/legacy-release-runner.test.ts,已部署；生产影响验收通过（应用4f89131，控制837a123）
OPT-003,P0,第一批：可控发布,发布控制,区分路由已切换与验收完成,现有状态反馈滞后,底层已写入路由后仍执行完整检查，外层要等子命令返回才记录switched。,以路由generation及实际release为运行事实。在提交点立即持久记录并输出route_committed；后续验证独立记录verified或verification_failed。,消除“还在等待所以没有切换”的误判。,状态查询返回实际路由版本、提交时间、验证阶段；提交后中断仍能识别已切换。,在提交后、最终校验前中断一次，重读持久状态。,OPT-002,中（状态与控制台）,复用现有router-state与准入revision，不新建第二个路由权威。,发布工具负责人、后端负责人,https://github.com/MAKingljx/video-autoworker/blob/2ea4cf98c53025b9a90e0756ed4e94af7ab6e6f3/video-autoworker/scripts/deploy-blue-green.sh#L3919 ; https://github.com/MAKingljx/video-autoworker/blob/2ea4cf98c53025b9a90e0756ed4e94af7ab6e6f3/video-autoworker/scripts/release-impact-deploy.mjs#L343,已完成；本地影响验收与生产部署完成,scripts/release-impact-deploy.mjs; scripts/lib/release-operation.mjs,src/test/release-impact-deploy.test.ts; src/test/release-operation.test.ts,已部署；生产影响验收通过（应用4f89131，控制837a123）
OPT-004,P0,第一批：可控发布,流式连接,修正异常断流后的活动计数,现象已证实；具体事件待复现,旧进程退出后活动计数仍为1；代码仅在outgoing close/finish结算，后端响应异常结束缺少显式处理。,先隔离复现后端发出响应头后断开、客户端中止等路径；统一双方连接清理并保证每个请求只结算一次。,避免连接计数残留长期阻塞退役。,故障注入后计数最终归零；不出现负数或双重扣减；正常长连接仍可持续。,后端中途断开、客户端取消、正常结束及一个WebSocket回归。,无,中（路由连接生命周期）,不能直接清零计数掩盖真实连接；保留合法任务和回调归属。,后端负责人,https://github.com/MAKingljx/video-autoworker/blob/2ea4cf98c53025b9a90e0756ed4e94af7ab6e6f3/video-autoworker/scripts/standalone-router.mjs#L259,已完成；本地影响验收与生产部署完成,scripts/standalone-router.mjs,src/test/standalone-blue-green.test.ts,已部署；路由异常计数路径修复，旧绿槽已生成退役证明并停止
OPT-005,P0,第一批：可控发布,服务生命周期,统一排空、退役和停止顺序,契约存在；操作入口易误用,直接stop旧槽后，正式retire因无法取得在线排空证据而失败。,常规发布只能走排空、冻结回调、静默确认、退役证明、停止的统一入口。区分存活、已认证退役、已停止但证据不足三种恢复状态。,减少反复停启和人工拼接恢复命令。,正常退役只停止一次；已认证退役可复用证明；无证明的死进程返回具体缺口，不循环重启。,三个生命周期状态各一例，加一个旧任务仍在运行的拒绝场景。,OPT-004,中（退役与服务管理）,不能为了让检查通过先杀进程；存活任务、回调及必要恢复点受到保护。,发布工具负责人,https://github.com/MAKingljx/video-autoworker/blob/2ea4cf98c53025b9a90e0756ed4e94af7ab6e6f3/video-autoworker/scripts/deploy-blue-green.sh#L3325,已完成；本地影响验收与生产部署完成,scripts/deploy-blue-green.sh; scripts/release-impact-deploy.mjs,src/test/standalone-blue-green.test.ts; src/test/release-impact-deploy.test.ts,已部署；路由异常计数路径修复，旧绿槽已生成退役证明并停止
OPT-006,P0,第一批：可控发布,接口契约,提前验证真实子命令参数,漏传已修；预检仍需补齐,retire遗漏运行证明，在生产暂停后才报arguments_invalid；操作顺序模拟测试没有验证参数。,统一生成retire、switch、attest参数及环境；暂停前校验必需字段。用真实参数解析器测试构造结果，不执行生产写入。,把接线错误前移到本地，减少失败发布。,缺证明、错scope、错路径在暂停前拒绝；实际构造命令符合解析器；不泄露私密参数。,三个真实命令的参数及环境合同；缺参和错误归属反例。,OPT-003,小（命令构造与测试）,不绕过证明检查；不把本项扩大为整套安装与恢复测试。,发布工具负责人、测试负责人,https://github.com/MAKingljx/video-autoworker/blob/2ea4cf98c53025b9a90e0756ed4e94af7ab6e6f3/video-autoworker/scripts/release-impact-deploy.mjs#L805 ; https://github.com/MAKingljx/video-autoworker/blob/2ea4cf98c53025b9a90e0756ed4e94af7ab6e6f3/video-autoworker/src/test/release-impact-deploy.test.ts#L81,已完成；本地影响验收与生产部署完成,scripts/lib/release-operation.mjs; scripts/deploy-blue-green.sh,src/test/release-operation.test.ts; src/test/release-impact-deploy.test.ts,已部署；生产影响验收通过（应用4f89131，控制837a123）
OPT-007,P0,第一批：可控发布,故障诊断,分离错误原因、步骤和可重试性,现有错误映射过粗,参数缺失被上层归纳为组件或投影不兼容；只看外层退出码不能直接定位。,统一脱敏错误结构，保留phase、errorCode、effectState和retryable。区分参数错误、网络故障、版本冲突和未知写入结果。,减少盲重试，缩短定位时间。,缺参不再显示数据损坏；网络错误可识别执行节点；写入结果未知必须先回读。,缺参、读取断网、版本冲突和写后响应丢失四类样例。,OPT-006,小（共享错误映射）,日志只保留错误码和脱敏关联标识，不能输出凭据、用户对话或原始数据库内容。,后端负责人、运维负责人,https://github.com/MAKingljx/video-autoworker/blob/2ea4cf98c53025b9a90e0756ed4e94af7ab6e6f3/video-autoworker/scripts/release-impact-deploy.mjs#L472,已完成；本地影响验收与生产部署完成,scripts/lib/release-operation.mjs,src/test/release-operation.test.ts; src/test/release-impact-deploy.test.ts,已部署；生产影响验收通过（应用4f89131，控制837a123）
OPT-008,P1,第二批：缩短发布,发布控制,从已完成步骤安全续行,只具备部分幂等复用,已有制品能够复用，但失败后仍反复生成计划、读取相同证明和备份。,沿现有发布作业保存每步输入摘要、完成回执和副作用边界；resume先对照真实状态，再只执行未完成步骤。,将失败恢复从整轮重跑收敛为局部续行。,同一作业续行不重复安装、备份或审批；已变更外部状态时明确拒绝旧回执。,暂存后、绑定后、切换后三处中断与续行。,OPT-002;OPT-003;OPT-007,大（发布状态与恢复）,复用共享锁和现有权威状态；对未知结果先读回，不新建业务任务队列。,发布工具负责人,https://github.com/MAKingljx/video-autoworker/blob/2ea4cf98c53025b9a90e0756ed4e94af7ab6e6f3/video-autoworker/scripts/release-impact-deploy.mjs#L285,已完成；本地影响验收与生产部署完成,scripts/lib/release-operation.mjs; scripts/release-impact-deploy.mjs,src/test/release-operation.test.ts; src/test/release-impact-deploy.test.ts,已部署；生产影响验收通过（应用4f89131，控制837a123）
OPT-009,P1,第二批：缩短发布,制品管理,复用不可变制品的完整校验证据,重复完整审计已确认,plan、stage源、复制目录、发布目录和后续操作多次遍历同一制品。,完整验证集中在制品形成与目标落盘边界；后续步骤绑定同一不可变制品证据。字节、权限、依赖、来源或环境变更才使证据失效。,减少大目录重复读取与摘要计算。,同一制品同一落盘边界无重复完整扫描；篡改字节、权限或链接必须使证据失效。,同制品复用、单文件篡改、权限漂移和链接变化。,OPT-003;OPT-008,大（制品证明与控制器）,不能只比较mtime或提交号跳过完整性；源标记、密钥和数据库仍禁止进入制品。,发布工具负责人、安全负责人,https://github.com/MAKingljx/video-autoworker/blob/2ea4cf98c53025b9a90e0756ed4e94af7ab6e6f3/video-autoworker/scripts/deploy-blue-green.sh#L921 ; https://sre.google/sre-book/release-engineering/,已完成；本地影响验收与生产部署完成,scripts/check-standalone-artifact.mjs; scripts/deploy-blue-green.sh,src/test/release-verification-bundle.test.ts; src/test/standalone-blue-green.test.ts,已部署；生产影响验收通过（应用4f89131，控制837a123）
OPT-010,P1,第二批：缩短发布,源码管理,批量完成源码闭包检查,每步骤重复子进程开销已确认,每个blue-green命令重新校验38个关键文件，多次启动Node、Git及摘要进程。,用单个受管进程批量读取提交树和关键文件摘要；同一发布作业复用相同闭包证据，步骤边界复核来源及变更迹象。,降低进程启动及重复Git读取开销。,每个关键文件同一验证轮只计算一次；脏工作区、提交漂移和文件替换仍被拒绝；输出检查计数与耗时。,干净提交、单文件变化、错误仓库和验证期间变更。,OPT-009,中（源码验证模块）,保留HEAD绑定、源文件权限及真实仓库身份，不能信任任意缓存标志。,发布工具负责人,https://github.com/MAKingljx/video-autoworker/blob/2ea4cf98c53025b9a90e0756ed4e94af7ab6e6f3/video-autoworker/scripts/deploy-blue-green.sh#L292,已完成；本地影响验收与生产部署完成,scripts/lib/git-source-layout.mjs; scripts/deploy-blue-green.sh,src/test/git-source-layout.test.ts; src/test/standalone-blue-green.test.ts,已部署；生产影响验收通过（应用4f89131，控制837a123）
OPT-011,P1,第二批：缩短发布,发布窗口,将确定性预检移到暂停接单前,已有stage前置；其余不足,候选暂存在暂停前，但退役前提和命令参数错误仍在维护窗口内才发现。,准备期完成参数、兼容声明、候选来源和旧槽可退役性检查；提交边界仅重新确认会变化的准入、任务、连接、租约、数据库和路由状态。,缩短实际停止新任务的时间。,参数和声明错误导致的暂停次数为0；分别记录准备耗时与接单暂停耗时；初期不承诺固定秒数。,一次正常app变更、一次预检拒绝、一次提交前状态漂移。,OPT-005;OPT-006;OPT-009;OPT-010,大（维护边界调整）,运行时状态不能用旧快照代替；是否允许在途旧任务由实际兼容性决定。,架构负责人、发布工具负责人,https://github.com/MAKingljx/video-autoworker/blob/2ea4cf98c53025b9a90e0756ed4e94af7ab6e6f3/video-autoworker/scripts/release-impact-deploy.mjs#L302,已完成；本地影响验收与生产部署完成,scripts/deploy-blue-green.sh; scripts/release-impact-deploy.mjs,src/test/standalone-blue-green.test.ts; src/test/release-impact-deploy.test.ts,已部署；生产影响验收通过（应用4f89131，控制837a123）
OPT-012,P1,第二批：缩短发布,组件架构,补齐组件影响矩阵,外层组件选择已落地,本轮计划仅选择app，插件、任务流和控制组件未变；内部仍调用宽范围验证。,维护组件到接口、配置、数据库和验证集的显式映射。普通app变化只更新app，控制层与插件分别使用各自兼容条件。,让外层组件选择真正减少内部操作。,仅app变化时插件安装和Gateway重启均为0；接口、锁文件或配置变化时正确触发受影响检查。,app-only、plugin-only、配置及接口兼容变化各一例。,OPT-006;OPT-009,中（影响映射）,保持同一任务链；不因组件化默认拆成多套进程或微服务。,架构负责人、研发负责人,https://github.com/MAKingljx/video-autoworker/blob/2ea4cf98c53025b9a90e0756ed4e94af7ab6e6f3/video-autoworker/scripts/release-impact-deploy.mjs#L655,已完成；本地影响验收与生产部署完成,scripts/release-impact-deploy.mjs; scripts/ci-impact-plan.mjs,src/test/release-impact-deploy.test.ts; src/test/ci-impact-plan.test.ts,已部署；生产影响验收通过（应用4f89131，控制837a123）
OPT-013,P1,第二批：缩短发布,构建缓存,按平台和ABI复用依赖与构建缓存,已有依赖复用；缓存策略待盘点,项目使用受管Node及SQLite原生模块，跨平台或ABI错误会使缓存不可用。,缓存键纳入操作系统、CPU架构、Node ABI、锁文件、包管理器和必要构建配置；静态检查与无副作用构建按资源独立执行。,减少重复安装，并保持跨机器可复现。,依赖未变命中缓存；Node ABI或锁文件改变必失效；实际打开临时SQLite验证原生加载。,同环境复用、锁文件变化、ABI变化三例。,OPT-012,中（构建配置）,不在生产现场重编译依赖；缓存不能包含密钥或数据库。,构建负责人,https://docs.github.com/en/actions/reference/workflows-and-actions/dependency-caching ; https://github.com/MAKingljx/video-autoworker/blob/2ea4cf98c53025b9a90e0756ed4e94af7ab6e6f3/video-autoworker/scripts/build-standalone.mjs,已完成；本地影响验收与生产部署完成,scripts/ci-impact-plan.mjs; ../.github/workflows/quality-gate.yml,src/test/ci-impact-plan.test.ts; better-sqlite3 in-memory ABI probe,已部署；Git增量更新、依赖缓存复用及同提交制品封存已在远端实证
OPT-014,P1,第二批：缩短发布,质量验证,从全量门禁转向影响范围与真实合同,已有按影响CI；关键接线有缺口,输入修复51项测试仅数秒，部署问题却未被模拟的操作顺序测试发现。,以导入依赖和显式组件合同选择测试；补真实CLI参数、取消、连接和恢复边界。未受影响的既有证据继续复用。,把验证时间花在真实风险上。,每个已修复卡点有一个能复现原失败的检查；无关模块不进入本次验收；全量只显式触发。,测试选择器代表性变更；本轮新增合同测试。,OPT-004;OPT-005;OPT-006,中（测试合同）,不删除失败测试换取通过，不把一次代码改动扩成全平台验收。,测试负责人、研发负责人,https://github.com/MAKingljx/video-autoworker/blob/2ea4cf98c53025b9a90e0756ed4e94af7ab6e6f3/video-autoworker/scripts/ci-impact-plan.mjs ; https://github.com/MAKingljx/video-autoworker/blob/2ea4cf98c53025b9a90e0756ed4e94af7ab6e6f3/video-autoworker/src/test/release-impact-deploy.test.ts,已完成；本地影响验收与生产部署完成,scripts/ci-impact-plan.mjs; scripts/run-root-vitest.mjs; ../.github/workflows/quality-gate.yml,src/test/ci-impact-plan.test.ts; affected root/plugin suites,已部署；生产影响验收通过（应用4f89131，控制837a123）
OPT-015,P1,第二批：缩短发布,传输与网络,持久源码和制品增量通道,增量已有效；临时通道偏多,94MB制品仅发送约2.2MB差异；GitHub曾受本机TLS和动态隧道影响。,源码使用canonical Git增量；制品按内容摘要传输与目标校验。只在对应请求失败时使用已验证进程级Clash，重试设置退避和停止条件。,保留已验证的传输收益，减少临时bundle和重复连接准备。,同制品续传不重复上传未改文件；断线后明确已传/未传；TLS身份校验保持；记录实际发送字节。,中途断线恢复、摘要不匹配、直连与代理失败各一例。,OPT-009,中（传输入口）,不关闭TLS校验，不改全局代理，不依赖旧cpolar地址；凭据不进命令日志。,运维负责人,项目传输记录2026-09-11；GITHUB-CLI-PROXY-001,已完成；本地影响验收与生产部署完成,scripts/lib/operations-maintenance.mjs; canonical Git worktree deployment,src/lib/__tests__/operations-maintenance.test.ts; deployment transfer receipt,已部署；Git增量更新、依赖缓存复用及同提交制品封存已在远端实证
OPT-016,P1,第二批：缩短发布,运行配置,配置、数据库路径与发行目录解耦,部分路径已收敛,旧发行目录中的私有env曾决定数据库路径，新目录缺配置时误生成默认数据库。,将运行资产路径集中到受控平台配置；生产缺少明确数据路径就启动失败。启动检查实际打开的数据库身份，禁止静默创建替代库。,减少换版本引起的隐式数据源变化。,移动发行目录不改变数据源；路径缺失时不生成新生产库；启动进程打开预期数据库。,正常启动、缺路径和错误数据库三例，使用测试副本。,无,中（配置与启动）,业务数据库和密钥不搬进代码仓库；配置变更保留受控回退点。,后端负责人、运维负责人,项目运行配置收敛记录2026-09-10；https://github.com/MAKingljx/video-autoworker/blob/2ea4cf98c53025b9a90e0756ed4e94af7ab6e6f3/video-autoworker/src/lib/config.ts,已完成；本地影响验收与生产部署完成,scripts/start-standalone-slot.sh; scripts/release-impact-deploy.mjs,src/test/start-standalone-slot-runtime-path.test.ts; src/test/release-impact-deploy.test.ts,已部署；生产影响验收通过（应用4f89131，控制837a123）
OPT-017,P1,第三批：业务可维护性,领域设计,保持模块化单体与清晰接口,核心业务已部分集中,导演脑已通过应用接口提供业务能力，仍需审查其余平台相关调用的归属。,按视频任务、素材、导演知识、审核和发布划定模块职责；入口只做身份映射与协议转换。先在单一仓库内建立边界，再按真实负载决定是否拆服务。,降低维护和平台替换成本，避免分布式复杂度提前进入。,同一业务规则只有一个实现入口；领域模块不直接依赖OpenClaw SDK；跨模块依赖有明确方向。,挑一条查询与一条审核调用链核对边界，不全仓重写。,OPT-001,大（分批调整模块）,保留唯一业务任务和数据权威，不引入第二队列或第二套用户认证。,架构负责人,VAW-SINGLE-CHAIN-001；https://github.com/MAKingljx/video-autoworker/blob/2ea4cf98c53025b9a90e0756ed4e94af7ab6e6f3/video-autoworker/src/app/api/n8n/director-brain/route.ts,已完成；本地影响验收与生产部署完成,src/lib/director-extraction-application.ts; src/lib/director-review-batches.ts,src/lib/__tests__/director-maintainability-contracts.test.ts,已部署；生产影响验收通过（应用4f89131，控制837a123）
OPT-018,P1,第三批：业务可维护性,平台适配,建立平台无关接口及适配器合同,OpenClaw薄适配已部分落地,当前平台入口已经变薄，但替换平台所需能力与错误语义需明确验证。,定义平台中立的消息、身份上下文、查询、审批和取消接口；OpenClaw实现适配器，先用本地假适配器跑同一业务合同。,未来接入其他获准平台时复用业务实现。,同一业务测试通过OpenClaw适配器和假适配器；错误、幂等及审批语义一致。,查询、候选新增和明确审批三条合同。,OPT-017,大（接口与适配）,新平台上线需要单独确认身份与权限方案；不能直接绕过当前OpenClaw外部鉴权。,架构负责人、集成负责人,VAW-OPENCLAW-AUTH-001；https://github.com/MAKingljx/video-autoworker/blob/2ea4cf98c53025b9a90e0756ed4e94af7ab6e6f3/video-autoworker/src/lib/runtime/contracts.ts,已完成；本地影响验收与生产部署完成,src/lib/director-brain-application-port.ts; src/app/api/n8n/director-brain/route.ts,src/lib/__tests__/director-maintainability-contracts.test.ts; src/lib/__tests__/director-brain-route.test.ts,已部署；生产影响验收通过（应用4f89131，控制837a123）
OPT-019,P1,第三批：业务可维护性,兼容管理,协议版本与实现摘要各司其职,投影协议已分离；其他合同待覆盖,已引入稳定投影协议及历史读取映射，普通源码变化不应迫使整个运行链升级。,接口与数据格式按语义兼容管理；文件摘要仅负责完整性。记录支持的读写版本和退出旧兼容的条件。,减少无关组件联动发布。,纯实现改动无需升级业务协议；不兼容字段变化可在预检定位；未知版本明确拒绝。,当前版、一个仍有真实数据的旧版、未知版三例。,OPT-012;OPT-017,中（合同声明）,旧数据仍有依赖时不能移除读取能力；不能重写历史ID掩盖兼容问题。,架构负责人、数据负责人,https://github.com/MAKingljx/video-autoworker/blob/2ea4cf98c53025b9a90e0756ed4e94af7ab6e6f3/video-autoworker/src/lib/director-projection-contract-compatibility.json,已完成；本地影响验收与生产部署完成,src/lib/director-brain-application-port.ts; openclaw-plugins/aiworker-director-brain/lib/director-brain-tool.js,director-brain route/plugin contract tests,已部署；生产影响验收通过（应用4f89131，控制837a123）
OPT-020,P1,第三批：业务可维护性,长任务设计,提炼输入预算与证据引用分离,输入压缩已实现；业务闭环待验证,38条完整字段与历史种子重复，触发128KiB阶段输入上限；输入压缩已进入9148731，但未重试提炼确认。,先验证当前压缩策略保留必要证据；更大作品按时间窗口分段并保存检查点，再进行有来源约束的合并。事前估算阶段大小并返回明确缺口。,避免长视频审批后才暴露不可执行输入，支持可恢复提炼。,38条真实规模输入不超过既定预算；引用完整可追溯；边界超量提前失败；中断不重复投影。,当前38条规模、一个超量样例、单阶段中断；先用副本和无外部写入运行器。,OPT-017;OPT-019,大（按规模分阶段）,不截断关键证据冒充完整结果，不无界扩大模型上下文，不重新批准原证据。,AI流程负责人、后端负责人,https://github.com/MAKingljx/video-autoworker/blob/2ea4cf98c53025b9a90e0756ed4e94af7ab6e6f3/video-autoworker/src/lib/director-extraction-service.ts#L221,已完成；本地影响验收与生产部署完成,src/lib/director-extraction-segments.ts; src/lib/director-extraction-service.ts,src/lib/__tests__/director-maintainability-contracts.test.ts; src/lib/__tests__/director-extraction-resilience.test.ts,已部署；原任务唯一一次重试已受理，understanding=running，progress=20且状态实时可读
OPT-021,P1,第三批：业务可维护性,审核与维护,审核批次持久化和幂等恢复,审批合同已有；批量执行仍依赖私有脚本,38条已通过正式review串行批准，但运维批量执行和进度恢复使用了一次性脚本。,在现有审核服务中持久记录批次的固定ID、版本、用户决定和逐条结果；显示完成、未处理与结果未知数量，支持只续行未完成部分。,减少人工重复审批和临时维护脚本。,相同批次重放不二次写入；失败后完成数准确；未来新增候选不进入旧批次。,中间一条失败、响应丢失、版本变化和整批重放。,OPT-007;OPT-017,中（审核作业）,新增不等于批准；只执行明确指定批次，不复制审核状态权威。,后端负责人、产品负责人,https://github.com/MAKingljx/video-autoworker/blob/2ea4cf98c53025b9a90e0756ed4e94af7ab6e6f3/video-autoworker/openclaw-plugins/aiworker-director-brain/lib/director-chat-review.js,已完成；本地影响验收与生产部署完成,src/lib/director-review-batches.ts; openclaw-plugins/aiworker-director-brain/lib/director-chat-review.js,director maintainability/chat review/plugin tests,已部署；生产影响验收通过（应用4f89131，控制837a123）
OPT-022,P1,第三批：业务可维护性,进度反馈,展示真实阶段、心跳及阻塞原因,有阶段状态；用户仍曾看见含糊等待,历史查询曾将执行器不可用描述成普通排队，提炼完成与待审核也需区分。,查询统一读取任务权威状态；显示当前阶段、最近有效进度、下一步条件和确定的错误。完成业务动作与后续任务进展分别呈现。,用户无需反复询问是否开始或是否完成。,队列阻塞、执行中、待审核、失败和完成各有明确说明；无数据时不编造百分比；状态来源可追踪。,五种状态的接口与一条实际聊天响应合同。,OPT-007;OPT-017,中（状态服务与适配）,忽略飞书“已关机”展示；不从聊天历史推断后台完成。,产品负责人、后端负责人,VAW-DIRECTOR-BRAIN-001 v1.2.0；https://github.com/MAKingljx/video-autoworker/blob/2ea4cf98c53025b9a90e0756ed4e94af7ab6e6f3/video-autoworker/src/lib/director-extraction-application.ts,已完成；本地影响验收与生产部署完成,src/lib/director-extraction-runs.ts; src/lib/director-extraction-application.ts; openclaw-plugins/aiworker-director-brain/lib/director-brain-tool.js,director extraction runs/resilience/extraction-client tests,已部署；原任务唯一一次重试已受理，understanding=running，progress=20且状态实时可读
OPT-023,P1,第四批：长期运维,可观测性,记录发布和任务的分段耗时,缺少完整分段基线,目前主要依赖轮询进程判断阶段，缺少可比较的整体耗时分解。,先增加轻量结构化事件，记录阶段、开始结束、重试、等待锁、校验次数及字节。按需接入OpenTelemetry，不先搭建大型监控平台。,能量化优化收益并定位长期退化。,所有发布步骤都有时间和结果；样本充足后统计p50/p95，区分准备、维护和传输；无实测不填收益百分比。,一次正常发布、一例失败、一例取消的脱敏事件；不为统计反复部署。,OPT-003;OPT-007,中（事件与报表）,不记录Token、会话正文或原始素材；事件记录失败不能改变业务结果。,运维负责人、发布工具负责人,https://opentelemetry.io/docs/concepts/signals/ ; https://sre.google/sre-book/release-engineering/,已完成；本地影响验收与生产部署完成,scripts/lib/release-operation.mjs; scripts/lib/operations-maintenance.mjs,release operation and operations maintenance tests,已部署；生产影响验收通过（应用4f89131，控制837a123）
OPT-024,P1,第四批：长期运维,恢复能力,建立代码回退与数据恢复分界,已有回滚资产；兼容判断需统一,GitHub只能恢复源码；真实配置、数据库和制品仍有独立恢复条件。,发布前明确数据库变化是否向后兼容；尽量采用先扩展后收缩迁移。分别给出切回代码、恢复配置、数据补偿的适用条件与代价。,避免把Git回退误当作整个系统恢复。,每次有数据或格式变化均声明逆向兼容性；必要时标明仅允许前向修复；不得覆盖新产生的业务数据。,本次实际涉及的迁移或配置恢复路径；无变化时复用原证据。,OPT-019,大（发布与数据合同）,真实数据恢复需要明确对象与授权，禁止自动整库覆盖。,数据负责人、发布工具负责人,RULE-PROD-DATA-CONFIRM-001；https://github.com/MAKingljx/video-autoworker/blob/2ea4cf98c53025b9a90e0756ed4e94af7ab6e6f3/video-autoworker/src/lib/migrations.ts,已完成；本地影响验收与生产部署完成,scripts/lib/operations-governance.mjs,src/lib/__tests__/operations-governance.test.ts,已部署；生产影响验收通过（应用4f89131，控制837a123）
OPT-025,P1,第四批：长期运维,备份治理,按恢复对象校验并轮换两份历史,清理做过；新尝试又生成临时资产,手动清理容易遗漏跨目录备份及正在被依赖的旧源码；当前暂停后新增资产待重新盘点。,建立制品、数据库、配置和依赖引用清单。先给出清理计划，验证新恢复点后只删除超额且无引用的旧项，保留受保护对象。,控制磁盘增长并减少人工清理风险。,正常每个恢复对象最多两个有效历史；活动版本、依赖供体和唯一恢复点不会删除；例外有理由与到期条件。,有引用、无引用、恢复点损坏、超过上限四种清单场景。,OPT-008;OPT-024,中（资产清单与轮换）,先校验后轮换，不截断Git历史；本表不授权删除当前任何资料。,运维负责人、数据负责人,RULE-BACKUP-RETENTION-001；VAW-WORKSPACE-GOVERNANCE-001,已完成；本地影响验收与生产部署完成,scripts/lib/operations-governance.mjs,src/lib/__tests__/operations-governance.test.ts; deployment recovery inventory,已部署；当前版外只保留两个release历史，数据库、插件和控制恢复对象各保留两个有效历史
OPT-026,P1,第四批：长期运维,备份验证,按恢复时间和可丢失数据范围设目标,历史完整性校验已有；恢复目标待确定,quick_check与摘要证明完整性，不能独自证明实际恢复耗时及业务恢复正确。,与使用者确定RPO、RTO，再用隔离副本验证数据库、配置、版本和启动依赖；记录真实恢复时间，资产变化后只重验受影响对象。,让备份从“存在”变为可用恢复能力。,每类关键资产有已确认的RPO/RTO及最近有效恢复证据；无关改动不重复演练。,一个代表性关键恢复对象，在隔离环境验证；不混入每次常规发布。,OPT-024;OPT-025,中（一次基线与按需复验）,不以演练覆盖生产数据库，不为凑两份制造冗余备份。,运维负责人、数据负责人,项目备份与恢复记录；RULE-BACKUP-RETENTION-001,已完成；本地影响验收与生产部署完成,scripts/lib/operations-governance.mjs; scripts/lib/operations-maintenance.mjs,recovery inventory/telemetry tests; isolated database restore timing,治理合同已部署；数值目标等待业务实测与决策，未虚构RPO、RTO或资源预算
OPT-027,P1,第四批：长期运维,运维入口,标准化诊断和维护命令,一次性维护脚本偏多,多轮发布产生若干prepare、restart和恢复脚本，容易依赖过期路径与参数。,在已有管理入口集中status、plan、apply、cancel、resume和只读doctor；由安装声明解析实际管理器、Node、数据库及release，不手填历史路径。,减少交接成本和人为顺序错误。,常见故障可通过固定入口得到原因和下一步；正常维护不需要新写临时脚本；命令帮助与实际行为一致。,退役失败、取消、错误数据库和无效运行证明四个运维场景。,OPT-005;OPT-007;OPT-008;OPT-016,大（整合已有入口）,只整合真实使用能力，不新增通用运维平台；仍保护凭据与进程归属。,运维负责人、发布工具负责人,https://github.com/MAKingljx/video-autoworker/blob/2ea4cf98c53025b9a90e0756ed4e94af7ab6e6f3/video-autoworker/scripts/release-impact-deploy.mjs,已完成；本地影响验收与生产部署完成,scripts/release-impact-deploy.mjs,release-impact plan/apply/status/cancel/resume/doctor/prewarm tests,已部署；生产影响验收通过（应用4f89131，控制837a123）
OPT-028,P2,第四批：长期运维,配置治理,只读运行身份与配置漂移核对,有人工核对；自动化程度待盘点,代码提交不等于实际运行版本，历史配置与运行目录曾不一致。,将预期release、PID/cwd、数据源及配置摘要与安装声明比较，差异只报告。由明确授权的监控任务按需执行，避免自行修复。,更早发现版本、配置和数据库指向漂移。,注入一处配置或版本漂移能定位差异；不把健康缺失记为正常；监测本身不修改线上状态。,配置、进程目录和数据库身份三项代表性差异。,OPT-016;OPT-023;OPT-027,中（只读检查）,仅保存受控摘要和必要元数据；不自动重启、不暴露真实密钥。,运维负责人,RULE-BRAIN-ASSET-VERIFY-001；https://github.com/MAKingljx/video-autoworker/blob/2ea4cf98c53025b9a90e0756ed4e94af7ab6e6f3/video-autoworker/scripts/lib/blue-green-installed-manager.mjs,已完成；本地影响验收与生产部署完成,scripts/runtime-identity-doctor.mjs,src/lib/__tests__/runtime-identity-doctor.test.ts,已部署；生产影响验收通过（应用4f89131，控制837a123）
OPT-029,P2,第四批：长期运维,资源治理,为推理与运维设置独立资源预算,长期建议；资源瓶颈尚未测量,单节点同时承担视频模型、应用与运维，存在竞争可能；本次未证明资源争用是主因。,先采样CPU、内存、I/O及队列等待；按实际瓶颈配置有界并发、背压和不同任务类型的资源预算。,降低大任务拖慢交互和部署的概率。,按任务类型记录等待和耗时；过载能明确排队；不丢任务；具体并发上限由测量确定。,受控模拟一个重任务与一个查询并存，不在生产做无授权压力测试。,OPT-022;OPT-023,中（测量后定范围）,保留既有唯一任务链和租约；不凭感觉提高视频并发或买新设备。,架构负责人、运维负责人,长期设计建议；本轮不认定现有资源不足,已完成；本地影响验收与生产部署完成,scripts/lib/operations-maintenance.mjs,src/lib/__tests__/operations-maintenance.test.ts; budgets remain not-set pending samples,治理合同已部署；数值目标等待业务实测与决策，未虚构RPO、RTO或资源预算
OPT-030,P2,第四批：长期运维,启动性能,候选服务只读预热,长期建议；冷启动收益待测量,切换后首次请求可能承受模块加载和缓存初始化，尚无当前冷启动基线。,候选在无业务写权限的隔离范围预热健康检查、静态资源及必要查询模块；测量冷启动与预热后的首请求。,在确有冷启动成本时减少切换后的感知等待。,预热造成业务写入和外部消息数为0；记录首请求p95前后差异，不预先承诺降幅。,健康接口、静态资源和一个只读查询；不全站爬取。,OPT-011;OPT-016;OPT-023,中（隔离预热）,关闭候选调度副作用，不能把普通启动视为天然只读；不得触发模型和审批。,后端负责人、发布工具负责人,https://sre.google/sre-book/release-engineering/,已完成；本地影响验收与生产部署完成,scripts/deploy-blue-green.sh; scripts/release-impact-deploy.mjs,candidate transition/prewarm tests; side-effect counts marked unverified without evidence,已部署；生产影响验收通过（应用4f89131，控制837a123）
OPT-031,P2,第四批：长期运维,安全与审计,集中敏感信息处理和审计字段,已有脱敏组件；需按调用面复核,多种入口、临时脚本和错误输出可能重复处理凭据或记录过多原始信息。,复用统一凭据引用和脱敏错误模块，定义允许记录的审计字段；按真实调用者限制内部维护操作范围。,减少泄密和排障日志不可分享的问题。,代表性失败输出不出现Token、用户正文或数据库原文；每次维护能追踪对象、授权和结果。,正常调用、错误输出与诊断导出三个入口，不开展无关全平台安全扫描。,OPT-007;OPT-017,中（共享边界）,不引入第二套外部用户鉴权，不放宽既有平台身份和租约保护。,安全负责人、后端负责人,RULE-BRAIN-CREDENTIAL-001；VAW-OPENCLAW-AUTH-001,已完成；本地影响验收与生产部署完成,scripts/lib/operations-governance.mjs; scripts/lib/release-operation.mjs,operations governance/release journal tests; source sensitive scan,已部署；生产影响验收通过（应用4f89131，控制837a123）
OPT-032,P1,第四批：长期运维,持续改进,以证据维护规则和故障清单,记录体系存在；新旧状态易冲突,历史完成、当前暂停和后续新失败容易混在同一记录中，被下一轮误当成可执行待办。,当前状态只保留最新事实及证据时间，历史经过留独立记录；复盘按根因选择一项长期改进。飞书规范、源码和运行事实分别标注状态。,减少交接误操作和同类故障反复发生。,新一轮能区分已批准、已切换、验收未完和用户暂停；旧指令不自动续行；每项改进有可验证关闭条件。,一次取消后交接和一次旧记录失效检查。,OPT-001;OPT-003;OPT-023,小（记录与流程）,规则变更与生产操作分别授权；不为补记录擅自提交、推送、部署。,研发负责人、运维负责人,MEMORY-MAINTENANCE-001；VAW-FOCUSED-VALIDATION-001,已完成；本地影响验收与生产部署完成,scripts/lib/operations-maintenance.mjs; docs/operations/2026/2026-09-11.md,operations fact/failure record tests; versioned project record,已部署；生产影响验收通过（应用4f89131，控制837a123）
