系列,模型名称,类型,权重格式,下载大小(GiB),权重文件数,总参数,激活参数,Mac Studio 512GB 可行性,Mac Studio 1TB 可行性,HF下载地址,ModelScope下载地址,最后更新,备注
Qwen3.6,Qwen3.6-27B,文本/对话,官方默认权重,51.75,15,27B,27B,可行,可行,https://huggingface.co/Qwen/Qwen3.6-27B,https://modelscope.cn/models/Qwen/Qwen3.6-27B,2026-04-24T02:39:16.000Z,
Qwen3.6,Qwen3.6-27B-FP8,文本/对话,FP8,28.75,66,27B,27B,可行,可行,https://huggingface.co/Qwen/Qwen3.6-27B-FP8,https://modelscope.cn/models/Qwen/Qwen3.6-27B-FP8,2026-04-24T02:39:18.000Z,低显存/高吞吐部署优先
Qwen3.6,Qwen3.6-35B-A3B,文本/对话,官方默认权重,66.97,26,35B,3B,可行,可行,https://huggingface.co/Qwen/Qwen3.6-35B-A3B,https://modelscope.cn/models/Qwen/Qwen3.6-35B-A3B,2026-04-24T02:53:42.000Z,MoE，总参数大但每 token 激活较小
Qwen3.6,Qwen3.6-35B-A3B-FP8,文本/对话,FP8,34.89,42,35B,3B,可行,可行,https://huggingface.co/Qwen/Qwen3.6-35B-A3B-FP8,https://modelscope.cn/models/Qwen/Qwen3.6-35B-A3B-FP8,2026-04-24T02:39:23.000Z,MoE，总参数大但每 token 激活较小；低显存/高吞吐部署优先
Qwen3.5,Qwen3.5-0.8B,文本/对话,官方默认权重,1.63,1,0.8B,0.8B,可行,可行,https://huggingface.co/Qwen/Qwen3.5-0.8B,https://modelscope.cn/models/Qwen/Qwen3.5-0.8B,2026-03-02T11:26:58.000Z,
Qwen3.5,Qwen3.5-0.8B-Base,文本/对话,Base,1.63,1,0.8B,0.8B,可行,可行,https://huggingface.co/Qwen/Qwen3.5-0.8B-Base,https://modelscope.cn/models/Qwen/Qwen3.5-0.8B-Base,2026-04-23T11:14:09.000Z,
Qwen3.5,Qwen3.5-122B-A10B,文本/对话,官方默认权重,232.99,39,122B,10B,可行,可行,https://huggingface.co/Qwen/Qwen3.5-122B-A10B,https://modelscope.cn/models/Qwen/Qwen3.5-122B-A10B,2026-04-24T03:55:23.000Z,MoE，总参数大但每 token 激活较小
Qwen3.5,Qwen3.5-122B-A10B-FP8,文本/对话,FP8,118.43,39,122B,10B,可行,可行,https://huggingface.co/Qwen/Qwen3.5-122B-A10B-FP8,https://modelscope.cn/models/Qwen/Qwen3.5-122B-A10B-FP8,2026-04-24T05:56:01.000Z,MoE，总参数大但每 token 激活较小；低显存/高吞吐部署优先
Qwen3.5,Qwen3.5-122B-A10B-GPTQ-Int4,文本/对话,GPTQ-Int4,73.45,39,122B,10B,可行,可行,https://huggingface.co/Qwen/Qwen3.5-122B-A10B-GPTQ-Int4,https://modelscope.cn/models/Qwen/Qwen3.5-122B-A10B-GPTQ-Int4,2026-04-24T05:56:30.000Z,MoE，总参数大但每 token 激活较小；量化推理版
Qwen3.5,Qwen3.5-27B,文本/对话,官方默认权重,51.75,11,27B,27B,可行,可行,https://huggingface.co/Qwen/Qwen3.5-27B,https://modelscope.cn/models/Qwen/Qwen3.5-27B,2026-04-24T02:54:49.000Z,
Qwen3.5,Qwen3.5-27B-FP8,文本/对话,FP8,28.75,11,27B,27B,可行,可行,https://huggingface.co/Qwen/Qwen3.5-27B-FP8,https://modelscope.cn/models/Qwen/Qwen3.5-27B-FP8,2026-04-24T02:38:46.000Z,低显存/高吞吐部署优先
Qwen3.5,Qwen3.5-27B-GPTQ-Int4,文本/对话,GPTQ-Int4,28.16,11,27B,27B,可行,可行,https://huggingface.co/Qwen/Qwen3.5-27B-GPTQ-Int4,https://modelscope.cn/models/Qwen/Qwen3.5-27B-GPTQ-Int4,2026-04-24T02:38:57.000Z,量化推理版
Qwen3.5,Qwen3.5-2B,文本/对话,官方默认权重,4.24,1,2B,2B,可行,可行,https://huggingface.co/Qwen/Qwen3.5-2B,https://modelscope.cn/models/Qwen/Qwen3.5-2B,2026-03-02T11:26:29.000Z,
Qwen3.5,Qwen3.5-2B-Base,文本/对话,Base,4.24,1,2B,2B,可行,可行,https://huggingface.co/Qwen/Qwen3.5-2B-Base,https://modelscope.cn/models/Qwen/Qwen3.5-2B-Base,2026-04-23T11:13:46.000Z,
Qwen3.5,Qwen3.5-35B-A3B,文本/对话,官方默认权重,66.97,14,35B,3B,可行,可行,https://huggingface.co/Qwen/Qwen3.5-35B-A3B,https://modelscope.cn/models/Qwen/Qwen3.5-35B-A3B,2026-04-24T02:38:38.000Z,MoE，总参数大但每 token 激活较小
Qwen3.5,Qwen3.5-35B-A3B-Base,文本/对话,Base,66.97,14,35B,3B,可行,可行,https://huggingface.co/Qwen/Qwen3.5-35B-A3B-Base,https://modelscope.cn/models/Qwen/Qwen3.5-35B-A3B-Base,2026-04-23T11:21:45.000Z,MoE，总参数大但每 token 激活较小
Qwen3.5,Qwen3.5-35B-A3B-FP8,文本/对话,FP8,34.89,14,35B,3B,可行,可行,https://huggingface.co/Qwen/Qwen3.5-35B-A3B-FP8,https://modelscope.cn/models/Qwen/Qwen3.5-35B-A3B-FP8,2026-04-24T02:38:49.000Z,MoE，总参数大但每 token 激活较小；低显存/高吞吐部署优先
Qwen3.5,Qwen3.5-35B-A3B-GPTQ-Int4,文本/对话,GPTQ-Int4,22.74,14,35B,3B,可行,可行,https://huggingface.co/Qwen/Qwen3.5-35B-A3B-GPTQ-Int4,https://modelscope.cn/models/Qwen/Qwen3.5-35B-A3B-GPTQ-Int4,2026-04-24T02:38:59.000Z,MoE，总参数大但每 token 激活较小；量化推理版
Qwen3.5,Qwen3.5-397B-A17B,文本/对话,官方默认权重,751.39,94,397B,17B,不建议,边缘/不建议生产,https://huggingface.co/Qwen/Qwen3.5-397B-A17B,https://modelscope.cn/models/Qwen/Qwen3.5-397B-A17B,2026-04-24T05:51:23.000Z,MoE，总参数大但每 token 激活较小；超大权重，优先集群/多卡
Qwen3.5,Qwen3.5-397B-A17B-FP8,文本/对话,FP8,378.26,94,397B,17B,边缘/不建议生产,可行,https://huggingface.co/Qwen/Qwen3.5-397B-A17B-FP8,https://modelscope.cn/models/Qwen/Qwen3.5-397B-A17B-FP8,2026-04-24T05:50:39.000Z,MoE，总参数大但每 token 激活较小；低显存/高吞吐部署优先
Qwen3.5,Qwen3.5-397B-A17B-GPTQ-Int4,文本/对话,GPTQ-Int4,219.52,94,397B,17B,可行,可行,https://huggingface.co/Qwen/Qwen3.5-397B-A17B-GPTQ-Int4,https://modelscope.cn/models/Qwen/Qwen3.5-397B-A17B-GPTQ-Int4,2026-04-24T05:52:53.000Z,MoE，总参数大但每 token 激活较小；量化推理版
Qwen3.5,Qwen3.5-4B,文本/对话,官方默认权重,8.68,2,4B,4B,可行,可行,https://huggingface.co/Qwen/Qwen3.5-4B,https://modelscope.cn/models/Qwen/Qwen3.5-4B,2026-03-02T00:52:52.000Z,
Qwen3.5,Qwen3.5-4B-Base,文本/对话,Base,8.68,2,4B,4B,可行,可行,https://huggingface.co/Qwen/Qwen3.5-4B-Base,https://modelscope.cn/models/Qwen/Qwen3.5-4B-Base,2026-04-23T11:13:30.000Z,
Qwen3.5,Qwen3.5-9B,文本/对话,官方默认权重,17.98,4,9B,9B,可行,可行,https://huggingface.co/Qwen/Qwen3.5-9B,https://modelscope.cn/models/Qwen/Qwen3.5-9B,2026-03-02T00:51:43.000Z,
Qwen3.5,Qwen3.5-9B-Base,文本/对话,Base,17.98,4,9B,9B,可行,可行,https://huggingface.co/Qwen/Qwen3.5-9B-Base,https://modelscope.cn/models/Qwen/Qwen3.5-9B-Base,2026-04-23T12:04:39.000Z,
Qwen3,Qwen3-0.6B,文本/对话,官方默认权重,1.40,1,0.6B,0.6B,可行,可行,https://huggingface.co/Qwen/Qwen3-0.6B,https://modelscope.cn/models/Qwen/Qwen3-0.6B,2025-07-26T03:46:27.000Z,
Qwen3,Qwen3-0.6B-Base,文本/对话,Base,1.11,1,0.6B,0.6B,可行,可行,https://huggingface.co/Qwen/Qwen3-0.6B-Base,https://modelscope.cn/models/Qwen/Qwen3-0.6B-Base,2025-07-26T03:45:42.000Z,
Qwen3,Qwen3-0.6B-FP8,文本/对话,FP8,0.99,1,0.6B,0.6B,可行,可行,https://huggingface.co/Qwen/Qwen3-0.6B-FP8,https://modelscope.cn/models/Qwen/Qwen3-0.6B-FP8,2025-07-26T03:45:47.000Z,低显存/高吞吐部署优先
Qwen3,Qwen3-0.6B-GGUF,文本/对话,GGUF,0.60,1,0.6B,0.6B,按所选GGUF量化文件评估,按所选GGUF量化文件评估,https://huggingface.co/Qwen/Qwen3-0.6B-GGUF,https://modelscope.cn/models/Qwen/Qwen3-0.6B-GGUF,2025-05-09T07:15:43.000Z,仓库常含多个量化文件，实际只需下载目标量化
Qwen3,Qwen3-0.6B-GPTQ-Int8,文本/对话,GPTQ-Int8,0.71,1,0.6B,0.6B,可行,可行,https://huggingface.co/Qwen/Qwen3-0.6B-GPTQ-Int8,https://modelscope.cn/models/Qwen/Qwen3-0.6B-GPTQ-Int8,2025-05-21T06:07:42.000Z,量化推理版
Qwen3,Qwen3-0.6B-MLX-4bit,文本/对话,MLX-4bit,0.30,1,0.6B,0.6B,推荐/可行,推荐/可行,https://huggingface.co/Qwen/Qwen3-0.6B-MLX-4bit,https://modelscope.cn/models/Qwen/Qwen3-0.6B-MLX-4bit,2025-07-29T12:21:40.000Z,更适合 Apple Silicon / MLX
Qwen3,Qwen3-0.6B-MLX-6bit,文本/对话,MLX-6bit,0.43,1,0.6B,0.6B,推荐/可行,推荐/可行,https://huggingface.co/Qwen/Qwen3-0.6B-MLX-6bit,https://modelscope.cn/models/Qwen/Qwen3-0.6B-MLX-6bit,2025-07-07T08:58:08.000Z,更适合 Apple Silicon / MLX
Qwen3,Qwen3-0.6B-MLX-8bit,文本/对话,MLX-8bit,0.57,1,0.6B,0.6B,推荐/可行,推荐/可行,https://huggingface.co/Qwen/Qwen3-0.6B-MLX-8bit,https://modelscope.cn/models/Qwen/Qwen3-0.6B-MLX-8bit,2025-07-07T08:57:27.000Z,更适合 Apple Silicon / MLX
Qwen3,Qwen3-0.6B-MLX-bf16,文本/对话,MLX-bf16,1.11,1,0.6B,0.6B,推荐/可行,推荐/可行,https://huggingface.co/Qwen/Qwen3-0.6B-MLX-bf16,https://modelscope.cn/models/Qwen/Qwen3-0.6B-MLX-bf16,2025-07-07T08:57:02.000Z,更适合 Apple Silicon / MLX
Qwen3,Qwen3-1.7B,文本/对话,官方默认权重,3.78,2,1.7B,1.7B,可行,可行,https://huggingface.co/Qwen/Qwen3-1.7B,https://modelscope.cn/models/Qwen/Qwen3-1.7B,2025-07-26T03:46:32.000Z,
Qwen3,Qwen3-1.7B-Base,文本/对话,Base,3.20,1,1.7B,1.7B,可行,可行,https://huggingface.co/Qwen/Qwen3-1.7B-Base,https://modelscope.cn/models/Qwen/Qwen3-1.7B-Base,2025-07-26T03:50:48.000Z,
Qwen3,Qwen3-1.7B-FP8,文本/对话,FP8,2.47,1,1.7B,1.7B,可行,可行,https://huggingface.co/Qwen/Qwen3-1.7B-FP8,https://modelscope.cn/models/Qwen/Qwen3-1.7B-FP8,2025-07-26T03:45:56.000Z,低显存/高吞吐部署优先
Qwen3,Qwen3-1.7B-GGUF,文本/对话,GGUF,1.71,1,1.7B,1.7B,按所选GGUF量化文件评估,按所选GGUF量化文件评估,https://huggingface.co/Qwen/Qwen3-1.7B-GGUF,https://modelscope.cn/models/Qwen/Qwen3-1.7B-GGUF,2025-05-09T07:16:01.000Z,仓库常含多个量化文件，实际只需下载目标量化
Qwen3,Qwen3-1.7B-GPTQ-Int8,文本/对话,GPTQ-Int8,1.93,1,1.7B,1.7B,可行,可行,https://huggingface.co/Qwen/Qwen3-1.7B-GPTQ-Int8,https://modelscope.cn/models/Qwen/Qwen3-1.7B-GPTQ-Int8,2025-05-21T06:07:04.000Z,量化推理版
Qwen3,Qwen3-1.7B-MLX-4bit,文本/对话,MLX-4bit,0.85,1,1.7B,1.7B,推荐/可行,推荐/可行,https://huggingface.co/Qwen/Qwen3-1.7B-MLX-4bit,https://modelscope.cn/models/Qwen/Qwen3-1.7B-MLX-4bit,2025-07-07T08:56:11.000Z,更适合 Apple Silicon / MLX
Qwen3,Qwen3-1.7B-MLX-6bit,文本/对话,MLX-6bit,1.25,1,1.7B,1.7B,推荐/可行,推荐/可行,https://huggingface.co/Qwen/Qwen3-1.7B-MLX-6bit,https://modelscope.cn/models/Qwen/Qwen3-1.7B-MLX-6bit,2025-07-07T08:55:49.000Z,更适合 Apple Silicon / MLX
Qwen3,Qwen3-1.7B-MLX-8bit,文本/对话,MLX-8bit,1.65,1,1.7B,1.7B,推荐/可行,推荐/可行,https://huggingface.co/Qwen/Qwen3-1.7B-MLX-8bit,https://modelscope.cn/models/Qwen/Qwen3-1.7B-MLX-8bit,2025-07-07T08:55:23.000Z,更适合 Apple Silicon / MLX
Qwen3,Qwen3-1.7B-MLX-bf16,文本/对话,MLX-bf16,3.20,1,1.7B,1.7B,推荐/可行,推荐/可行,https://huggingface.co/Qwen/Qwen3-1.7B-MLX-bf16,https://modelscope.cn/models/Qwen/Qwen3-1.7B-MLX-bf16,2025-07-07T08:54:54.000Z,更适合 Apple Silicon / MLX
Qwen3,Qwen3-14B,文本/对话,官方默认权重,27.51,8,14B,14B,可行,可行,https://huggingface.co/Qwen/Qwen3-14B,https://modelscope.cn/models/Qwen/Qwen3-14B,2025-07-26T03:49:23.000Z,
Qwen3,Qwen3-14B-AWQ,文本/对话,AWQ,9.29,2,14B,14B,可行,可行,https://huggingface.co/Qwen/Qwen3-14B-AWQ,https://modelscope.cn/models/Qwen/Qwen3-14B-AWQ,2025-05-21T06:21:57.000Z,量化推理版
Qwen3,Qwen3-14B-Base,文本/对话,Base,27.51,8,14B,14B,可行,可行,https://huggingface.co/Qwen/Qwen3-14B-Base,https://modelscope.cn/models/Qwen/Qwen3-14B-Base,2025-07-26T03:45:33.000Z,
Qwen3,Qwen3-14B-FP8,文本/对话,FP8,15.21,4,14B,14B,可行,可行,https://huggingface.co/Qwen/Qwen3-14B-FP8,https://modelscope.cn/models/Qwen/Qwen3-14B-FP8,2025-07-26T03:46:09.000Z,低显存/高吞吐部署优先
Qwen3,Qwen3-14B-GGUF,文本/对话,GGUF,53.64,5,14B,14B,按所选GGUF量化文件评估,按所选GGUF量化文件评估,https://huggingface.co/Qwen/Qwen3-14B-GGUF,https://modelscope.cn/models/Qwen/Qwen3-14B-GGUF,2025-05-09T07:16:19.000Z,仓库常含多个量化文件，实际只需下载目标量化
Qwen3,Qwen3-14B-MLX-4bit,文本/对话,MLX-4bit,7.31,2,14B,14B,推荐/可行,推荐/可行,https://huggingface.co/Qwen/Qwen3-14B-MLX-4bit,https://modelscope.cn/models/Qwen/Qwen3-14B-MLX-4bit,2025-07-07T08:50:10.000Z,更适合 Apple Silicon / MLX
Qwen3,Qwen3-14B-MLX-6bit,文本/对话,MLX-6bit,10.75,3,14B,14B,推荐/可行,推荐/可行,https://huggingface.co/Qwen/Qwen3-14B-MLX-6bit,https://modelscope.cn/models/Qwen/Qwen3-14B-MLX-6bit,2025-07-07T08:51:00.000Z,更适合 Apple Silicon / MLX
Qwen3,Qwen3-14B-MLX-8bit,文本/对话,MLX-8bit,14.18,3,14B,14B,推荐/可行,推荐/可行,https://huggingface.co/Qwen/Qwen3-14B-MLX-8bit,https://modelscope.cn/models/Qwen/Qwen3-14B-MLX-8bit,2025-07-07T08:50:35.000Z,更适合 Apple Silicon / MLX
Qwen3,Qwen3-14B-MLX-bf16,文本/对话,MLX-bf16,27.51,6,14B,14B,推荐/可行,推荐/可行,https://huggingface.co/Qwen/Qwen3-14B-MLX-bf16,https://modelscope.cn/models/Qwen/Qwen3-14B-MLX-bf16,2025-07-07T09:02:52.000Z,更适合 Apple Silicon / MLX
Qwen3,Qwen3-235B-A22B,文本/对话,官方默认权重,437.90,118,235B,22B,不建议,可行,https://huggingface.co/Qwen/Qwen3-235B-A22B,https://modelscope.cn/models/Qwen/Qwen3-235B-A22B,2025-07-26T03:45:13.000Z,MoE，总参数大但每 token 激活较小
Qwen3,Qwen3-235B-A22B-FP8,文本/对话,FP8,222.63,48,235B,22B,可行,可行,https://huggingface.co/Qwen/Qwen3-235B-A22B-FP8,https://modelscope.cn/models/Qwen/Qwen3-235B-A22B-FP8,2025-07-26T03:46:22.000Z,MoE，总参数大但每 token 激活较小；低显存/高吞吐部署优先
Qwen3,Qwen3-235B-A22B-GGUF,文本/对话,GGUF,851.05,33,235B,22B,按所选GGUF量化文件评估,按所选GGUF量化文件评估,https://huggingface.co/Qwen/Qwen3-235B-A22B-GGUF,https://modelscope.cn/models/Qwen/Qwen3-235B-A22B-GGUF,2025-05-21T06:27:12.000Z,MoE，总参数大但每 token 激活较小；仓库常含多个量化文件，实际只需下载目标量化；超大权重，优先集群/多卡
Qwen3,Qwen3-235B-A22B-GPTQ-Int4,文本/对话,GPTQ-Int4,116.00,32,235B,22B,可行,可行,https://huggingface.co/Qwen/Qwen3-235B-A22B-GPTQ-Int4,https://modelscope.cn/models/Qwen/Qwen3-235B-A22B-GPTQ-Int4,2025-05-21T06:09:15.000Z,MoE，总参数大但每 token 激活较小；量化推理版
Qwen3,Qwen3-235B-A22B-Instruct-2507,文本/对话,Instruct,437.90,118,235B,22B,不建议,可行,https://huggingface.co/Qwen/Qwen3-235B-A22B-Instruct-2507,https://modelscope.cn/models/Qwen/Qwen3-235B-A22B-Instruct-2507,2025-09-17T06:52:55.000Z,MoE，总参数大但每 token 激活较小
Qwen3,Qwen3-235B-A22B-Instruct-2507-FP8,文本/对话,FP8 / Instruct,220.19,24,235B,22B,可行,可行,https://huggingface.co/Qwen/Qwen3-235B-A22B-Instruct-2507-FP8,https://modelscope.cn/models/Qwen/Qwen3-235B-A22B-Instruct-2507-FP8,2025-09-17T06:53:28.000Z,MoE，总参数大但每 token 激活较小；低显存/高吞吐部署优先
Qwen3,Qwen3-235B-A22B-MLX-4bit,文本/对话,MLX-4bit,116.32,24,235B,22B,推荐/可行,推荐/可行,https://huggingface.co/Qwen/Qwen3-235B-A22B-MLX-4bit,https://modelscope.cn/models/Qwen/Qwen3-235B-A22B-MLX-4bit,2025-07-07T08:17:58.000Z,MoE，总参数大但每 token 激活较小；更适合 Apple Silicon / MLX
Qwen3,Qwen3-235B-A22B-MLX-6bit,文本/对话,MLX-6bit,171.05,36,235B,22B,推荐/可行,推荐/可行,https://huggingface.co/Qwen/Qwen3-235B-A22B-MLX-6bit,https://modelscope.cn/models/Qwen/Qwen3-235B-A22B-MLX-6bit,2025-07-07T08:18:52.000Z,MoE，总参数大但每 token 激活较小；更适合 Apple Silicon / MLX
Qwen3,Qwen3-235B-A22B-MLX-8bit,文本/对话,MLX-8bit,225.79,48,235B,22B,推荐/可行,推荐/可行,https://huggingface.co/Qwen/Qwen3-235B-A22B-MLX-8bit,https://modelscope.cn/models/Qwen/Qwen3-235B-A22B-MLX-8bit,2025-07-07T08:17:24.000Z,MoE，总参数大但每 token 激活较小；更适合 Apple Silicon / MLX
Qwen3,Qwen3-235B-A22B-MLX-bf16,文本/对话,MLX-bf16,437.90,95,235B,22B,边缘可行,推荐/可行,https://huggingface.co/Qwen/Qwen3-235B-A22B-MLX-bf16,https://modelscope.cn/models/Qwen/Qwen3-235B-A22B-MLX-bf16,2025-07-07T08:21:01.000Z,MoE，总参数大但每 token 激活较小；更适合 Apple Silicon / MLX
Qwen3,Qwen3-235B-A22B-Thinking-2507,文本/对话,Thinking,437.90,118,235B,22B,不建议,可行,https://huggingface.co/Qwen/Qwen3-235B-A22B-Thinking-2507,https://modelscope.cn/models/Qwen/Qwen3-235B-A22B-Thinking-2507,2025-08-17T08:20:17.000Z,MoE，总参数大但每 token 激活较小
Qwen3,Qwen3-235B-A22B-Thinking-2507-FP8,文本/对话,FP8 / Thinking,220.19,24,235B,22B,可行,可行,https://huggingface.co/Qwen/Qwen3-235B-A22B-Thinking-2507-FP8,https://modelscope.cn/models/Qwen/Qwen3-235B-A22B-Thinking-2507-FP8,2025-07-30T15:48:19.000Z,MoE，总参数大但每 token 激活较小；低显存/高吞吐部署优先
Qwen3,Qwen3-30B-A3B,文本/对话,官方默认权重,56.87,16,30B,3B,可行,可行,https://huggingface.co/Qwen/Qwen3-30B-A3B,https://modelscope.cn/models/Qwen/Qwen3-30B-A3B,2025-07-26T03:45:17.000Z,MoE，总参数大但每 token 激活较小
Qwen3,Qwen3-30B-A3B-Base,文本/对话,Base,56.87,16,30B,3B,可行,可行,https://huggingface.co/Qwen/Qwen3-30B-A3B-Base,https://modelscope.cn/models/Qwen/Qwen3-30B-A3B-Base,2025-07-26T03:45:29.000Z,MoE，总参数大但每 token 激活较小
Qwen3,Qwen3-30B-A3B-FP8,文本/对话,FP8,30.22,7,30B,3B,可行,可行,https://huggingface.co/Qwen/Qwen3-30B-A3B-FP8,https://modelscope.cn/models/Qwen/Qwen3-30B-A3B-FP8,2025-07-26T03:46:17.000Z,MoE，总参数大但每 token 激活较小；低显存/高吞吐部署优先
Qwen3,Qwen3-30B-A3B-GGUF,文本/对话,GGUF,110.77,5,30B,3B,按所选GGUF量化文件评估,按所选GGUF量化文件评估,https://huggingface.co/Qwen/Qwen3-30B-A3B-GGUF,https://modelscope.cn/models/Qwen/Qwen3-30B-A3B-GGUF,2025-05-21T06:25:14.000Z,MoE，总参数大但每 token 激活较小；仓库常含多个量化文件，实际只需下载目标量化
Qwen3,Qwen3-30B-A3B-GPTQ-Int4,文本/对话,GPTQ-Int4,15.77,1,30B,3B,可行,可行,https://huggingface.co/Qwen/Qwen3-30B-A3B-GPTQ-Int4,https://modelscope.cn/models/Qwen/Qwen3-30B-A3B-GPTQ-Int4,2025-05-21T06:08:09.000Z,MoE，总参数大但每 token 激活较小；量化推理版
Qwen3,Qwen3-30B-A3B-Instruct-2507,文本/对话,Instruct,56.87,16,30B,3B,可行,可行,https://huggingface.co/Qwen/Qwen3-30B-A3B-Instruct-2507,https://modelscope.cn/models/Qwen/Qwen3-30B-A3B-Instruct-2507,2025-09-17T06:56:43.000Z,MoE，总参数大但每 token 激活较小
Qwen3,Qwen3-30B-A3B-Instruct-2507-FP8,文本/对话,FP8 / Instruct,29.03,4,30B,3B,可行,可行,https://huggingface.co/Qwen/Qwen3-30B-A3B-Instruct-2507-FP8,https://modelscope.cn/models/Qwen/Qwen3-30B-A3B-Instruct-2507-FP8,2025-09-17T06:56:32.000Z,MoE，总参数大但每 token 激活较小；低显存/高吞吐部署优先
Qwen3,Qwen3-30B-A3B-MLX-4bit,文本/对话,MLX-4bit,15.11,4,30B,3B,推荐/可行,推荐/可行,https://huggingface.co/Qwen/Qwen3-30B-A3B-MLX-4bit,https://modelscope.cn/models/Qwen/Qwen3-30B-A3B-MLX-4bit,2025-07-07T08:22:14.000Z,MoE，总参数大但每 token 激活较小；更适合 Apple Silicon / MLX
Qwen3,Qwen3-30B-A3B-MLX-6bit,文本/对话,MLX-6bit,22.22,5,30B,3B,推荐/可行,推荐/可行,https://huggingface.co/Qwen/Qwen3-30B-A3B-MLX-6bit,https://modelscope.cn/models/Qwen/Qwen3-30B-A3B-MLX-6bit,2025-07-07T08:23:00.000Z,MoE，总参数大但每 token 激活较小；更适合 Apple Silicon / MLX
Qwen3,Qwen3-30B-A3B-MLX-8bit,文本/对话,MLX-8bit,29.32,6,30B,3B,推荐/可行,推荐/可行,https://huggingface.co/Qwen/Qwen3-30B-A3B-MLX-8bit,https://modelscope.cn/models/Qwen/Qwen3-30B-A3B-MLX-8bit,2025-07-07T08:38:00.000Z,MoE，总参数大但每 token 激活较小；更适合 Apple Silicon / MLX
Qwen3,Qwen3-30B-A3B-MLX-bf16,文本/对话,MLX-bf16,56.87,13,30B,3B,推荐/可行,推荐/可行,https://huggingface.co/Qwen/Qwen3-30B-A3B-MLX-bf16,https://modelscope.cn/models/Qwen/Qwen3-30B-A3B-MLX-bf16,2025-07-07T08:39:37.000Z,MoE，总参数大但每 token 激活较小；更适合 Apple Silicon / MLX
Qwen3,Qwen3-30B-A3B-Thinking-2507,文本/对话,Thinking,56.87,16,30B,3B,可行,可行,https://huggingface.co/Qwen/Qwen3-30B-A3B-Thinking-2507,https://modelscope.cn/models/Qwen/Qwen3-30B-A3B-Thinking-2507,2025-08-17T08:20:51.000Z,MoE，总参数大但每 token 激活较小
Qwen3,Qwen3-30B-A3B-Thinking-2507-FP8,文本/对话,FP8 / Thinking,29.03,4,30B,3B,可行,可行,https://huggingface.co/Qwen/Qwen3-30B-A3B-Thinking-2507-FP8,https://modelscope.cn/models/Qwen/Qwen3-30B-A3B-Thinking-2507-FP8,2025-07-30T16:02:13.000Z,MoE，总参数大但每 token 激活较小；低显存/高吞吐部署优先
Qwen3,Qwen3-32B,文本/对话,官方默认权重,61.02,17,32B,32B,可行,可行,https://huggingface.co/Qwen/Qwen3-32B,https://modelscope.cn/models/Qwen/Qwen3-32B,2025-07-26T03:45:22.000Z,
Qwen3,Qwen3-32B-AWQ,文本/对话,AWQ,18.00,4,32B,32B,可行,可行,https://huggingface.co/Qwen/Qwen3-32B-AWQ,https://modelscope.cn/models/Qwen/Qwen3-32B-AWQ,2025-05-21T06:17:51.000Z,量化推理版
Qwen3,Qwen3-32B-FP8,文本/对话,FP8,31.97,7,32B,32B,可行,可行,https://huggingface.co/Qwen/Qwen3-32B-FP8,https://modelscope.cn/models/Qwen/Qwen3-32B-FP8,2025-07-26T03:46:13.000Z,低显存/高吞吐部署优先
Qwen3,Qwen3-32B-GGUF,文本/对话,GGUF,118.57,5,32B,32B,按所选GGUF量化文件评估,按所选GGUF量化文件评估,https://huggingface.co/Qwen/Qwen3-32B-GGUF,https://modelscope.cn/models/Qwen/Qwen3-32B-GGUF,2025-05-09T07:16:46.000Z,仓库常含多个量化文件，实际只需下载目标量化
Qwen3,Qwen3-32B-MLX-4bit,文本/对话,MLX-4bit,16.21,4,32B,32B,推荐/可行,推荐/可行,https://huggingface.co/Qwen/Qwen3-32B-MLX-4bit,https://modelscope.cn/models/Qwen/Qwen3-32B-MLX-4bit,2025-07-07T08:46:53.000Z,更适合 Apple Silicon / MLX
Qwen3,Qwen3-32B-MLX-6bit,文本/对话,MLX-6bit,23.84,5,32B,32B,推荐/可行,推荐/可行,https://huggingface.co/Qwen/Qwen3-32B-MLX-6bit,https://modelscope.cn/models/Qwen/Qwen3-32B-MLX-6bit,2025-07-07T08:48:43.000Z,更适合 Apple Silicon / MLX
Qwen3,Qwen3-32B-MLX-8bit,文本/对话,MLX-8bit,31.47,7,32B,32B,推荐/可行,推荐/可行,https://huggingface.co/Qwen/Qwen3-32B-MLX-8bit,https://modelscope.cn/models/Qwen/Qwen3-32B-MLX-8bit,2025-07-07T08:49:16.000Z,更适合 Apple Silicon / MLX
Qwen3,Qwen3-32B-MLX-bf16,文本/对话,MLX-bf16,61.02,13,32B,32B,推荐/可行,推荐/可行,https://huggingface.co/Qwen/Qwen3-32B-MLX-bf16,https://modelscope.cn/models/Qwen/Qwen3-32B-MLX-bf16,2025-07-07T08:49:38.000Z,更适合 Apple Silicon / MLX
Qwen3,Qwen3-4B,文本/对话,官方默认权重,7.49,3,4B,4B,可行,可行,https://huggingface.co/Qwen/Qwen3-4B,https://modelscope.cn/models/Qwen/Qwen3-4B,2025-07-26T03:46:39.000Z,
Qwen3,Qwen3-4B-AWQ,文本/对话,AWQ,2.48,1,4B,4B,可行,可行,https://huggingface.co/Qwen/Qwen3-4B-AWQ,https://modelscope.cn/models/Qwen/Qwen3-4B-AWQ,2025-05-21T06:13:28.000Z,量化推理版
Qwen3,Qwen3-4B-Base,文本/对话,Base,7.49,3,4B,4B,可行,可行,https://huggingface.co/Qwen/Qwen3-4B-Base,https://modelscope.cn/models/Qwen/Qwen3-4B-Base,2025-07-26T03:45:37.000Z,
Qwen3,Qwen3-4B-FP8,文本/对话,FP8,4.83,2,4B,4B,可行,可行,https://huggingface.co/Qwen/Qwen3-4B-FP8,https://modelscope.cn/models/Qwen/Qwen3-4B-FP8,2025-07-26T03:46:01.000Z,低显存/高吞吐部署优先
Qwen3,Qwen3-4B-GGUF,文本/对话,GGUF,14.71,5,4B,4B,按所选GGUF量化文件评估,按所选GGUF量化文件评估,https://huggingface.co/Qwen/Qwen3-4B-GGUF,https://modelscope.cn/models/Qwen/Qwen3-4B-GGUF,2025-05-21T06:32:23.000Z,仓库常含多个量化文件，实际只需下载目标量化
Qwen3,Qwen3-4B-Instruct-2507,文本/对话,Instruct,7.49,3,4B,4B,可行,可行,https://huggingface.co/Qwen/Qwen3-4B-Instruct-2507,https://modelscope.cn/models/Qwen/Qwen3-4B-Instruct-2507,2025-09-17T06:56:53.000Z,
Qwen3,Qwen3-4B-Instruct-2507-FP8,文本/对话,FP8 / Instruct,4.83,1,4B,4B,可行,可行,https://huggingface.co/Qwen/Qwen3-4B-Instruct-2507-FP8,https://modelscope.cn/models/Qwen/Qwen3-4B-Instruct-2507-FP8,2025-09-17T06:57:02.000Z,低显存/高吞吐部署优先
Qwen3,Qwen3-4B-MLX-4bit,文本/对话,MLX-4bit,1.99,1,4B,4B,推荐/可行,推荐/可行,https://huggingface.co/Qwen/Qwen3-4B-MLX-4bit,https://modelscope.cn/models/Qwen/Qwen3-4B-MLX-4bit,2025-08-29T08:19:39.000Z,更适合 Apple Silicon / MLX
Qwen3,Qwen3-4B-MLX-6bit,文本/对话,MLX-6bit,2.93,1,4B,4B,推荐/可行,推荐/可行,https://huggingface.co/Qwen/Qwen3-4B-MLX-6bit,https://modelscope.cn/models/Qwen/Qwen3-4B-MLX-6bit,2025-07-07T09:00:20.000Z,更适合 Apple Silicon / MLX
Qwen3,Qwen3-4B-MLX-8bit,文本/对话,MLX-8bit,3.86,1,4B,4B,推荐/可行,推荐/可行,https://huggingface.co/Qwen/Qwen3-4B-MLX-8bit,https://modelscope.cn/models/Qwen/Qwen3-4B-MLX-8bit,2025-07-07T08:59:45.000Z,更适合 Apple Silicon / MLX
Qwen3,Qwen3-4B-MLX-bf16,文本/对话,MLX-bf16,7.49,2,4B,4B,推荐/可行,推荐/可行,https://huggingface.co/Qwen/Qwen3-4B-MLX-bf16,https://modelscope.cn/models/Qwen/Qwen3-4B-MLX-bf16,2025-07-07T08:59:17.000Z,更适合 Apple Silicon / MLX
Qwen3,Qwen3-4B-SafeRL,文本/对话,官方默认权重,7.49,3,4B,4B,可行,可行,https://huggingface.co/Qwen/Qwen3-4B-SafeRL,https://modelscope.cn/models/Qwen/Qwen3-4B-SafeRL,2025-10-17T02:33:25.000Z,
Qwen3,Qwen3-4B-Thinking-2507,文本/对话,Thinking,7.49,3,4B,4B,可行,可行,https://huggingface.co/Qwen/Qwen3-4B-Thinking-2507,https://modelscope.cn/models/Qwen/Qwen3-4B-Thinking-2507,2025-08-06T11:08:25.000Z,
Qwen3,Qwen3-4B-Thinking-2507-FP8,文本/对话,FP8 / Thinking,4.83,1,4B,4B,可行,可行,https://huggingface.co/Qwen/Qwen3-4B-Thinking-2507-FP8,https://modelscope.cn/models/Qwen/Qwen3-4B-Thinking-2507-FP8,2025-08-06T11:07:01.000Z,低显存/高吞吐部署优先
Qwen3,Qwen3-8B,文本/对话,官方默认权重,15.26,5,8B,8B,可行,可行,https://huggingface.co/Qwen/Qwen3-8B,https://modelscope.cn/models/Qwen/Qwen3-8B,2025-07-26T03:49:13.000Z,
Qwen3,Qwen3-8B-AWQ,文本/对话,AWQ,5.68,2,8B,8B,可行,可行,https://huggingface.co/Qwen/Qwen3-8B-AWQ,https://modelscope.cn/models/Qwen/Qwen3-8B-AWQ,2025-05-21T06:09:42.000Z,量化推理版
Qwen3,Qwen3-8B-Base,文本/对话,Base,15.26,5,8B,8B,可行,可行,https://huggingface.co/Qwen/Qwen3-8B-Base,https://modelscope.cn/models/Qwen/Qwen3-8B-Base,2025-05-21T05:59:01.000Z,
Qwen3,Qwen3-8B-FP8,文本/对话,FP8,8.79,2,8B,8B,可行,可行,https://huggingface.co/Qwen/Qwen3-8B-FP8,https://modelscope.cn/models/Qwen/Qwen3-8B-FP8,2025-07-26T03:46:05.000Z,低显存/高吞吐部署优先
Qwen3,Qwen3-8B-GGUF,文本/对话,GGUF,29.83,5,8B,8B,按所选GGUF量化文件评估,按所选GGUF量化文件评估,https://huggingface.co/Qwen/Qwen3-8B-GGUF,https://modelscope.cn/models/Qwen/Qwen3-8B-GGUF,2025-05-21T06:31:50.000Z,仓库常含多个量化文件，实际只需下载目标量化
Qwen3,Qwen3-8B-MLX-4bit,文本/对话,MLX-4bit,4.05,1,8B,8B,推荐/可行,推荐/可行,https://huggingface.co/Qwen/Qwen3-8B-MLX-4bit,https://modelscope.cn/models/Qwen/Qwen3-8B-MLX-4bit,2025-07-07T08:54:28.000Z,更适合 Apple Silicon / MLX
Qwen3,Qwen3-8B-MLX-6bit,文本/对话,MLX-6bit,5.96,2,8B,8B,推荐/可行,推荐/可行,https://huggingface.co/Qwen/Qwen3-8B-MLX-6bit,https://modelscope.cn/models/Qwen/Qwen3-8B-MLX-6bit,2025-07-07T08:53:57.000Z,更适合 Apple Silicon / MLX
Qwen3,Qwen3-8B-MLX-8bit,文本/对话,MLX-8bit,7.87,2,8B,8B,推荐/可行,推荐/可行,https://huggingface.co/Qwen/Qwen3-8B-MLX-8bit,https://modelscope.cn/models/Qwen/Qwen3-8B-MLX-8bit,2025-07-07T08:53:15.000Z,更适合 Apple Silicon / MLX
Qwen3,Qwen3-8B-MLX-bf16,文本/对话,MLX-bf16,15.26,4,8B,8B,推荐/可行,推荐/可行,https://huggingface.co/Qwen/Qwen3-8B-MLX-bf16,https://modelscope.cn/models/Qwen/Qwen3-8B-MLX-bf16,2025-07-07T08:52:52.000Z,更适合 Apple Silicon / MLX
Qwen3,Qwen3Guard-Gen-0.6B,文本/对话,官方默认权重,1.40,1,0.6B,0.6B,可行,可行,https://huggingface.co/Qwen/Qwen3Guard-Gen-0.6B,https://modelscope.cn/models/Qwen/Qwen3Guard-Gen-0.6B,2025-11-07T08:10:53.000Z,
Qwen3,Qwen3Guard-Gen-4B,文本/对话,官方默认权重,8.22,3,4B,4B,可行,可行,https://huggingface.co/Qwen/Qwen3Guard-Gen-4B,https://modelscope.cn/models/Qwen/Qwen3Guard-Gen-4B,2025-11-07T08:10:44.000Z,
Qwen3,Qwen3Guard-Gen-8B,文本/对话,官方默认权重,15.26,5,8B,8B,可行,可行,https://huggingface.co/Qwen/Qwen3Guard-Gen-8B,https://modelscope.cn/models/Qwen/Qwen3Guard-Gen-8B,2025-11-07T08:11:03.000Z,
Qwen3,Qwen3Guard-Stream-0.6B,文本/对话,官方默认权重,1.11,1,0.6B,0.6B,可行,可行,https://huggingface.co/Qwen/Qwen3Guard-Stream-0.6B,https://modelscope.cn/models/Qwen/Qwen3Guard-Stream-0.6B,2025-11-07T07:36:26.000Z,
Qwen3,Qwen3Guard-Stream-4B,文本/对话,官方默认权重,7.50,2,4B,4B,可行,可行,https://huggingface.co/Qwen/Qwen3Guard-Stream-4B,https://modelscope.cn/models/Qwen/Qwen3Guard-Stream-4B,2025-11-07T07:34:37.000Z,
Qwen3,Qwen3Guard-Stream-8B,文本/对话,官方默认权重,14.11,4,8B,8B,可行,可行,https://huggingface.co/Qwen/Qwen3Guard-Stream-8B,https://modelscope.cn/models/Qwen/Qwen3Guard-Stream-8B,2025-11-07T07:35:13.000Z,
Qwen3-Next,Qwen3-Next-80B-A3B-Instruct,文本/对话,Instruct,151.49,41,80B,3B,可行,可行,https://huggingface.co/Qwen/Qwen3-Next-80B-A3B-Instruct,https://modelscope.cn/models/Qwen/Qwen3-Next-80B-A3B-Instruct,2025-09-17T06:57:40.000Z,MoE，总参数大但每 token 激活较小
Qwen3-Next,Qwen3-Next-80B-A3B-Instruct-FP8,文本/对话,FP8 / Instruct,76.42,8,80B,3B,可行,可行,https://huggingface.co/Qwen/Qwen3-Next-80B-A3B-Instruct-FP8,https://modelscope.cn/models/Qwen/Qwen3-Next-80B-A3B-Instruct-FP8,2025-09-22T05:38:44.000Z,MoE，总参数大但每 token 激活较小；低显存/高吞吐部署优先
Qwen3-Next,Qwen3-Next-80B-A3B-Instruct-GGUF,文本/对话,GGUF / Instruct,437.64,9,80B,3B,按所选GGUF量化文件评估,按所选GGUF量化文件评估,https://huggingface.co/Qwen/Qwen3-Next-80B-A3B-Instruct-GGUF,https://modelscope.cn/models/Qwen/Qwen3-Next-80B-A3B-Instruct-GGUF,2025-12-03T08:26:07.000Z,MoE，总参数大但每 token 激活较小；仓库常含多个量化文件，实际只需下载目标量化
Qwen3-Next,Qwen3-Next-80B-A3B-Thinking,文本/对话,Thinking,151.49,41,80B,3B,可行,可行,https://huggingface.co/Qwen/Qwen3-Next-80B-A3B-Thinking,https://modelscope.cn/models/Qwen/Qwen3-Next-80B-A3B-Thinking,2025-09-15T09:12:48.000Z,MoE，总参数大但每 token 激活较小
Qwen3-Next,Qwen3-Next-80B-A3B-Thinking-FP8,文本/对话,FP8 / Thinking,76.42,8,80B,3B,可行,可行,https://huggingface.co/Qwen/Qwen3-Next-80B-A3B-Thinking-FP8,https://modelscope.cn/models/Qwen/Qwen3-Next-80B-A3B-Thinking-FP8,2025-09-22T05:39:57.000Z,MoE，总参数大但每 token 激活较小；低显存/高吞吐部署优先
Qwen3-Next,Qwen3-Next-80B-A3B-Thinking-GGUF,文本/对话,GGUF / Thinking,437.64,9,80B,3B,按所选GGUF量化文件评估,按所选GGUF量化文件评估,https://huggingface.co/Qwen/Qwen3-Next-80B-A3B-Thinking-GGUF,https://modelscope.cn/models/Qwen/Qwen3-Next-80B-A3B-Thinking-GGUF,2025-12-03T08:24:52.000Z,MoE，总参数大但每 token 激活较小；仓库常含多个量化文件，实际只需下载目标量化
Qwen3-Coder,Qwen3-Coder-30B-A3B-Instruct,代码,Instruct,56.87,16,30B,3B,可行,可行,https://huggingface.co/Qwen/Qwen3-Coder-30B-A3B-Instruct,https://modelscope.cn/models/Qwen/Qwen3-Coder-30B-A3B-Instruct,2025-12-03T08:05:17.000Z,MoE，总参数大但每 token 激活较小
Qwen3-Coder,Qwen3-Coder-30B-A3B-Instruct-FP8,代码,FP8 / Instruct,29.03,4,30B,3B,可行,可行,https://huggingface.co/Qwen/Qwen3-Coder-30B-A3B-Instruct-FP8,https://modelscope.cn/models/Qwen/Qwen3-Coder-30B-A3B-Instruct-FP8,2025-12-03T08:20:23.000Z,MoE，总参数大但每 token 激活较小；低显存/高吞吐部署优先
Qwen3-Coder,Qwen3-Coder-480B-A35B-Instruct,代码,Instruct,894.36,241,480B,35B,不建议,不建议,https://huggingface.co/Qwen/Qwen3-Coder-480B-A35B-Instruct,https://modelscope.cn/models/Qwen/Qwen3-Coder-480B-A35B-Instruct,2025-08-21T10:18:07.000Z,MoE，总参数大但每 token 激活较小；超大权重，优先集群/多卡
Qwen3-Coder,Qwen3-Coder-480B-A35B-Instruct-FP8,代码,FP8 / Instruct,449.04,49,480B,35B,不建议,可行,https://huggingface.co/Qwen/Qwen3-Coder-480B-A35B-Instruct-FP8,https://modelscope.cn/models/Qwen/Qwen3-Coder-480B-A35B-Instruct-FP8,2025-08-21T10:40:35.000Z,MoE，总参数大但每 token 激活较小；低显存/高吞吐部署优先
Qwen3-Coder,Qwen3-Coder-Next,代码,官方默认权重,148.41,40,未标注,未标注,可行,可行,https://huggingface.co/Qwen/Qwen3-Coder-Next,https://modelscope.cn/models/Qwen/Qwen3-Coder-Next,2026-02-03T16:16:38.000Z,
Qwen3-Coder,Qwen3-Coder-Next-Base,代码,Base,148.41,40,未标注,未标注,可行,可行,https://huggingface.co/Qwen/Qwen3-Coder-Next-Base,https://modelscope.cn/models/Qwen/Qwen3-Coder-Next-Base,2026-02-03T14:14:04.000Z,
Qwen3-Coder,Qwen3-Coder-Next-FP8,代码,FP8,74.86,40,未标注,未标注,可行,可行,https://huggingface.co/Qwen/Qwen3-Coder-Next-FP8,https://modelscope.cn/models/Qwen/Qwen3-Coder-Next-FP8,2026-02-03T14:13:28.000Z,低显存/高吞吐部署优先
Qwen3-Coder,Qwen3-Coder-Next-GGUF,代码,GGUF,437.64,24,未标注,未标注,按所选GGUF量化文件评估,按所选GGUF量化文件评估,https://huggingface.co/Qwen/Qwen3-Coder-Next-GGUF,https://modelscope.cn/models/Qwen/Qwen3-Coder-Next-GGUF,2026-02-04T04:26:16.000Z,仓库常含多个量化文件，实际只需下载目标量化
Qwen3-VL,Qwen3-VL-235B-A22B-Instruct,视觉语言,Instruct,438.97,96,235B,22B,不建议,可行,https://huggingface.co/Qwen/Qwen3-VL-235B-A22B-Instruct,https://modelscope.cn/models/Qwen/Qwen3-VL-235B-A22B-Instruct,2025-11-26T13:18:18.000Z,MoE，总参数大但每 token 激活较小
Qwen3-VL,Qwen3-VL-235B-A22B-Instruct-FP8,视觉语言,FP8 / Instruct,221.28,24,235B,22B,可行,可行,https://huggingface.co/Qwen/Qwen3-VL-235B-A22B-Instruct-FP8,https://modelscope.cn/models/Qwen/Qwen3-VL-235B-A22B-Instruct-FP8,2025-11-26T13:18:20.000Z,MoE，总参数大但每 token 激活较小；低显存/高吞吐部署优先
Qwen3-VL,Qwen3-VL-235B-A22B-Instruct-GGUF,视觉语言,GGUF / Instruct,804.94,21,235B,22B,按所选GGUF量化文件评估,按所选GGUF量化文件评估,https://huggingface.co/Qwen/Qwen3-VL-235B-A22B-Instruct-GGUF,https://modelscope.cn/models/Qwen/Qwen3-VL-235B-A22B-Instruct-GGUF,2025-11-01T03:17:04.000Z,MoE，总参数大但每 token 激活较小；仓库常含多个量化文件，实际只需下载目标量化；超大权重，优先集群/多卡
Qwen3-VL,Qwen3-VL-235B-A22B-Thinking,视觉语言,Thinking,438.97,96,235B,22B,不建议,可行,https://huggingface.co/Qwen/Qwen3-VL-235B-A22B-Thinking,https://modelscope.cn/models/Qwen/Qwen3-VL-235B-A22B-Thinking,2025-11-26T13:18:17.000Z,MoE，总参数大但每 token 激活较小
Qwen3-VL,Qwen3-VL-235B-A22B-Thinking-FP8,视觉语言,FP8 / Thinking,221.28,24,235B,22B,可行,可行,https://huggingface.co/Qwen/Qwen3-VL-235B-A22B-Thinking-FP8,https://modelscope.cn/models/Qwen/Qwen3-VL-235B-A22B-Thinking-FP8,2025-11-26T13:18:19.000Z,MoE，总参数大但每 token 激活较小；低显存/高吞吐部署优先
Qwen3-VL,Qwen3-VL-235B-A22B-Thinking-GGUF,视觉语言,GGUF / Thinking,804.94,21,235B,22B,按所选GGUF量化文件评估,按所选GGUF量化文件评估,https://huggingface.co/Qwen/Qwen3-VL-235B-A22B-Thinking-GGUF,https://modelscope.cn/models/Qwen/Qwen3-VL-235B-A22B-Thinking-GGUF,2025-11-01T03:18:19.000Z,MoE，总参数大但每 token 激活较小；仓库常含多个量化文件，实际只需下载目标量化；超大权重，优先集群/多卡
Qwen3-VL,Qwen3-VL-2B-Instruct,视觉语言,Instruct,3.96,1,2B,2B,可行,可行,https://huggingface.co/Qwen/Qwen3-VL-2B-Instruct,https://modelscope.cn/models/Qwen/Qwen3-VL-2B-Instruct,2025-10-23T11:30:44.000Z,
Qwen3-VL,Qwen3-VL-2B-Instruct-FP8,视觉语言,FP8 / Instruct,3.23,1,2B,2B,可行,可行,https://huggingface.co/Qwen/Qwen3-VL-2B-Instruct-FP8,https://modelscope.cn/models/Qwen/Qwen3-VL-2B-Instruct-FP8,2025-10-20T19:26:45.000Z,低显存/高吞吐部署优先
Qwen3-VL,Qwen3-VL-2B-Instruct-GGUF,视觉语言,GGUF / Instruct,7.13,5,2B,2B,按所选GGUF量化文件评估,按所选GGUF量化文件评估,https://huggingface.co/Qwen/Qwen3-VL-2B-Instruct-GGUF,https://modelscope.cn/models/Qwen/Qwen3-VL-2B-Instruct-GGUF,2025-11-01T03:21:20.000Z,仓库常含多个量化文件，实际只需下载目标量化
Qwen3-VL,Qwen3-VL-2B-Thinking,视觉语言,Thinking,3.96,1,2B,2B,可行,可行,https://huggingface.co/Qwen/Qwen3-VL-2B-Thinking,https://modelscope.cn/models/Qwen/Qwen3-VL-2B-Thinking,2025-10-20T19:15:08.000Z,
Qwen3-VL,Qwen3-VL-2B-Thinking-FP8,视觉语言,FP8 / Thinking,3.23,1,2B,2B,可行,可行,https://huggingface.co/Qwen/Qwen3-VL-2B-Thinking-FP8,https://modelscope.cn/models/Qwen/Qwen3-VL-2B-Thinking-FP8,2025-11-26T13:18:22.000Z,低显存/高吞吐部署优先
Qwen3-VL,Qwen3-VL-2B-Thinking-GGUF,视觉语言,GGUF / Thinking,7.13,5,2B,2B,按所选GGUF量化文件评估,按所选GGUF量化文件评估,https://huggingface.co/Qwen/Qwen3-VL-2B-Thinking-GGUF,https://modelscope.cn/models/Qwen/Qwen3-VL-2B-Thinking-GGUF,2025-11-01T03:22:14.000Z,仓库常含多个量化文件，实际只需下载目标量化
Qwen3-VL,Qwen3-VL-30B-A3B-Instruct,视觉语言,Instruct,57.87,13,30B,3B,可行,可行,https://huggingface.co/Qwen/Qwen3-VL-30B-A3B-Instruct,https://modelscope.cn/models/Qwen/Qwen3-VL-30B-A3B-Instruct,2025-11-26T13:18:04.000Z,MoE，总参数大但每 token 激活较小
Qwen3-VL,Qwen3-VL-30B-A3B-Instruct-FP8,视觉语言,FP8 / Instruct,30.04,4,30B,3B,可行,可行,https://huggingface.co/Qwen/Qwen3-VL-30B-A3B-Instruct-FP8,https://modelscope.cn/models/Qwen/Qwen3-VL-30B-A3B-Instruct-FP8,2025-11-26T13:18:10.000Z,MoE，总参数大但每 token 激活较小；低显存/高吞吐部署优先
Qwen3-VL,Qwen3-VL-30B-A3B-Instruct-GGUF,视觉语言,GGUF / Instruct,106.11,6,30B,3B,按所选GGUF量化文件评估,按所选GGUF量化文件评估,https://huggingface.co/Qwen/Qwen3-VL-30B-A3B-Instruct-GGUF,https://modelscope.cn/models/Qwen/Qwen3-VL-30B-A3B-Instruct-GGUF,2025-11-01T03:19:27.000Z,MoE，总参数大但每 token 激活较小；仓库常含多个量化文件，实际只需下载目标量化
Qwen3-VL,Qwen3-VL-30B-A3B-Thinking,视觉语言,Thinking,57.87,13,30B,3B,可行,可行,https://huggingface.co/Qwen/Qwen3-VL-30B-A3B-Thinking,https://modelscope.cn/models/Qwen/Qwen3-VL-30B-A3B-Thinking,2025-11-26T13:18:00.000Z,MoE，总参数大但每 token 激活较小
Qwen3-VL,Qwen3-VL-30B-A3B-Thinking-FP8,视觉语言,FP8 / Thinking,30.04,4,30B,3B,可行,可行,https://huggingface.co/Qwen/Qwen3-VL-30B-A3B-Thinking-FP8,https://modelscope.cn/models/Qwen/Qwen3-VL-30B-A3B-Thinking-FP8,2025-11-26T13:18:07.000Z,MoE，总参数大但每 token 激活较小；低显存/高吞吐部署优先
Qwen3-VL,Qwen3-VL-30B-A3B-Thinking-GGUF,视觉语言,GGUF / Thinking,106.11,6,30B,3B,按所选GGUF量化文件评估,按所选GGUF量化文件评估,https://huggingface.co/Qwen/Qwen3-VL-30B-A3B-Thinking-GGUF,https://modelscope.cn/models/Qwen/Qwen3-VL-30B-A3B-Thinking-GGUF,2025-11-01T03:19:00.000Z,MoE，总参数大但每 token 激活较小；仓库常含多个量化文件，实际只需下载目标量化
Qwen3-VL,Qwen3-VL-32B-Instruct,视觉语言,Instruct,62.13,14,32B,32B,可行,可行,https://huggingface.co/Qwen/Qwen3-VL-32B-Instruct,https://modelscope.cn/models/Qwen/Qwen3-VL-32B-Instruct,2025-10-21T18:26:34.000Z,
Qwen3-VL,Qwen3-VL-32B-Instruct-FP8,视觉语言,FP8 / Instruct,33.08,7,32B,32B,可行,可行,https://huggingface.co/Qwen/Qwen3-VL-32B-Instruct-FP8,https://modelscope.cn/models/Qwen/Qwen3-VL-32B-Instruct-FP8,2025-10-22T03:06:29.000Z,低显存/高吞吐部署优先
Qwen3-VL,Qwen3-VL-32B-Instruct-GGUF,视觉语言,GGUF / Instruct,113.70,6,32B,32B,按所选GGUF量化文件评估,按所选GGUF量化文件评估,https://huggingface.co/Qwen/Qwen3-VL-32B-Instruct-GGUF,https://modelscope.cn/models/Qwen/Qwen3-VL-32B-Instruct-GGUF,2025-11-01T03:20:18.000Z,仓库常含多个量化文件，实际只需下载目标量化
Qwen3-VL,Qwen3-VL-32B-Thinking,视觉语言,Thinking,62.13,14,32B,32B,可行,可行,https://huggingface.co/Qwen/Qwen3-VL-32B-Thinking,https://modelscope.cn/models/Qwen/Qwen3-VL-32B-Thinking,2025-10-21T18:23:29.000Z,
Qwen3-VL,Qwen3-VL-32B-Thinking-FP8,视觉语言,FP8 / Thinking,33.08,7,32B,32B,可行,可行,https://huggingface.co/Qwen/Qwen3-VL-32B-Thinking-FP8,https://modelscope.cn/models/Qwen/Qwen3-VL-32B-Thinking-FP8,2025-11-26T13:18:23.000Z,低显存/高吞吐部署优先
Qwen3-VL,Qwen3-VL-32B-Thinking-GGUF,视觉语言,GGUF / Thinking,113.70,6,32B,32B,按所选GGUF量化文件评估,按所选GGUF量化文件评估,https://huggingface.co/Qwen/Qwen3-VL-32B-Thinking-GGUF,https://modelscope.cn/models/Qwen/Qwen3-VL-32B-Thinking-GGUF,2025-11-01T03:24:46.000Z,仓库常含多个量化文件，实际只需下载目标量化
Qwen3-VL,Qwen3-VL-4B-Instruct,视觉语言,Instruct,8.27,2,4B,4B,可行,可行,https://huggingface.co/Qwen/Qwen3-VL-4B-Instruct,https://modelscope.cn/models/Qwen/Qwen3-VL-4B-Instruct,2025-10-15T16:15:55.000Z,
Qwen3-VL,Qwen3-VL-4B-Instruct-FP8,视觉语言,FP8 / Instruct,5.61,2,4B,4B,可行,可行,https://huggingface.co/Qwen/Qwen3-VL-4B-Instruct-FP8,https://modelscope.cn/models/Qwen/Qwen3-VL-4B-Instruct-FP8,2025-10-15T16:08:37.000Z,低显存/高吞吐部署优先
Qwen3-VL,Qwen3-VL-4B-Instruct-GGUF,视觉语言,GGUF / Instruct,15.01,5,4B,4B,按所选GGUF量化文件评估,按所选GGUF量化文件评估,https://huggingface.co/Qwen/Qwen3-VL-4B-Instruct-GGUF,https://modelscope.cn/models/Qwen/Qwen3-VL-4B-Instruct-GGUF,2025-11-01T02:28:10.000Z,仓库常含多个量化文件，实际只需下载目标量化
Qwen3-VL,Qwen3-VL-4B-Thinking,视觉语言,Thinking,8.27,2,4B,4B,可行,可行,https://huggingface.co/Qwen/Qwen3-VL-4B-Thinking,https://modelscope.cn/models/Qwen/Qwen3-VL-4B-Thinking,2025-10-15T16:14:47.000Z,
Qwen3-VL,Qwen3-VL-4B-Thinking-FP8,视觉语言,FP8 / Thinking,5.61,2,4B,4B,可行,可行,https://huggingface.co/Qwen/Qwen3-VL-4B-Thinking-FP8,https://modelscope.cn/models/Qwen/Qwen3-VL-4B-Thinking-FP8,2025-11-26T13:18:21.000Z,低显存/高吞吐部署优先
Qwen3-VL,Qwen3-VL-4B-Thinking-GGUF,视觉语言,GGUF / Thinking,15.01,5,4B,4B,按所选GGUF量化文件评估,按所选GGUF量化文件评估,https://huggingface.co/Qwen/Qwen3-VL-4B-Thinking-GGUF,https://modelscope.cn/models/Qwen/Qwen3-VL-4B-Thinking-GGUF,2025-11-01T03:23:09.000Z,仓库常含多个量化文件，实际只需下载目标量化
Qwen3-VL,Qwen3-VL-8B-Instruct,视觉语言,Instruct,16.33,4,8B,8B,可行,可行,https://huggingface.co/Qwen/Qwen3-VL-8B-Instruct,https://modelscope.cn/models/Qwen/Qwen3-VL-8B-Instruct,2025-10-15T16:16:59.000Z,
Qwen3-VL,Qwen3-VL-8B-Instruct-FP8,视觉语言,FP8 / Instruct,9.86,2,8B,8B,可行,可行,https://huggingface.co/Qwen/Qwen3-VL-8B-Instruct-FP8,https://modelscope.cn/models/Qwen/Qwen3-VL-8B-Instruct-FP8,2025-11-26T13:18:16.000Z,低显存/高吞吐部署优先
Qwen3-VL,Qwen3-VL-8B-Instruct-GGUF,视觉语言,GGUF / Instruct,29.84,5,8B,8B,按所选GGUF量化文件评估,按所选GGUF量化文件评估,https://huggingface.co/Qwen/Qwen3-VL-8B-Instruct-GGUF,https://modelscope.cn/models/Qwen/Qwen3-VL-8B-Instruct-GGUF,2025-11-01T03:21:00.000Z,仓库常含多个量化文件，实际只需下载目标量化
Qwen3-VL,Qwen3-VL-8B-Thinking,视觉语言,Thinking,16.33,4,8B,8B,可行,可行,https://huggingface.co/Qwen/Qwen3-VL-8B-Thinking,https://modelscope.cn/models/Qwen/Qwen3-VL-8B-Thinking,2025-11-26T13:18:14.000Z,
Qwen3-VL,Qwen3-VL-8B-Thinking-FP8,视觉语言,FP8 / Thinking,9.86,2,8B,8B,可行,可行,https://huggingface.co/Qwen/Qwen3-VL-8B-Thinking-FP8,https://modelscope.cn/models/Qwen/Qwen3-VL-8B-Thinking-FP8,2025-11-26T13:18:15.000Z,低显存/高吞吐部署优先
Qwen3-VL,Qwen3-VL-8B-Thinking-GGUF,视觉语言,GGUF / Thinking,29.84,5,8B,8B,按所选GGUF量化文件评估,按所选GGUF量化文件评估,https://huggingface.co/Qwen/Qwen3-VL-8B-Thinking-GGUF,https://modelscope.cn/models/Qwen/Qwen3-VL-8B-Thinking-GGUF,2025-11-01T03:23:55.000Z,仓库常含多个量化文件，实际只需下载目标量化
Qwen3-Omni,Qwen3-Omni-30B-A3B-Captioner,全模态,Captioner,59.08,16,30B,3B,可行,可行,https://huggingface.co/Qwen/Qwen3-Omni-30B-A3B-Captioner,https://modelscope.cn/models/Qwen/Qwen3-Omni-30B-A3B-Captioner,2025-09-22T13:46:56.000Z,MoE，总参数大但每 token 激活较小
Qwen3-Omni,Qwen3-Omni-30B-A3B-Instruct,全模态,Instruct,65.68,15,30B,3B,可行,可行,https://huggingface.co/Qwen/Qwen3-Omni-30B-A3B-Instruct,https://modelscope.cn/models/Qwen/Qwen3-Omni-30B-A3B-Instruct,2025-09-22T14:17:52.000Z,MoE，总参数大但每 token 激活较小
Qwen3-Omni,Qwen3-Omni-30B-A3B-Thinking,全模态,Thinking,59.08,16,30B,3B,可行,可行,https://huggingface.co/Qwen/Qwen3-Omni-30B-A3B-Thinking,https://modelscope.cn/models/Qwen/Qwen3-Omni-30B-A3B-Thinking,2025-09-22T14:17:44.000Z,MoE，总参数大但每 token 激活较小
Qwen3-Embedding/Reranker,Qwen3-Embedding-0.6B,向量/检索,官方默认权重,1.11,1,0.6B,0.6B,可行,可行,https://huggingface.co/Qwen/Qwen3-Embedding-0.6B,https://modelscope.cn/models/Qwen/Qwen3-Embedding-0.6B,2026-04-20T02:45:58.000Z,
Qwen3-Embedding/Reranker,Qwen3-Embedding-0.6B-GGUF,向量/检索,GGUF,1.71,2,0.6B,0.6B,按所选GGUF量化文件评估,按所选GGUF量化文件评估,https://huggingface.co/Qwen/Qwen3-Embedding-0.6B-GGUF,https://modelscope.cn/models/Qwen/Qwen3-Embedding-0.6B-GGUF,2025-07-14T23:19:36.000Z,仓库常含多个量化文件，实际只需下载目标量化
Qwen3-Embedding/Reranker,Qwen3-Embedding-4B,向量/检索,官方默认权重,7.49,2,4B,4B,可行,可行,https://huggingface.co/Qwen/Qwen3-Embedding-4B,https://modelscope.cn/models/Qwen/Qwen3-Embedding-4B,2025-06-20T09:30:56.000Z,
Qwen3-Embedding/Reranker,Qwen3-Embedding-4B-GGUF,向量/检索,GGUF,22.21,6,4B,4B,按所选GGUF量化文件评估,按所选GGUF量化文件评估,https://huggingface.co/Qwen/Qwen3-Embedding-4B-GGUF,https://modelscope.cn/models/Qwen/Qwen3-Embedding-4B-GGUF,2025-08-03T14:37:22.000Z,仓库常含多个量化文件，实际只需下载目标量化
Qwen3-Embedding/Reranker,Qwen3-Embedding-8B,向量/检索,官方默认权重,14.10,4,8B,8B,可行,可行,https://huggingface.co/Qwen/Qwen3-Embedding-8B,https://modelscope.cn/models/Qwen/Qwen3-Embedding-8B,2025-07-07T09:02:21.000Z,
Qwen3-Embedding/Reranker,Qwen3-Embedding-8B-GGUF,向量/检索,GGUF,41.72,6,8B,8B,按所选GGUF量化文件评估,按所选GGUF量化文件评估,https://huggingface.co/Qwen/Qwen3-Embedding-8B-GGUF,https://modelscope.cn/models/Qwen/Qwen3-Embedding-8B-GGUF,2025-07-15T02:30:41.000Z,仓库常含多个量化文件，实际只需下载目标量化
Qwen3-Embedding/Reranker,Qwen3-Reranker-0.6B,重排,官方默认权重,1.11,1,0.6B,0.6B,可行,可行,https://huggingface.co/Qwen/Qwen3-Reranker-0.6B,https://modelscope.cn/models/Qwen/Qwen3-Reranker-0.6B,2026-04-16T08:55:59.000Z,
Qwen3-Embedding/Reranker,Qwen3-Reranker-4B,重排,官方默认权重,7.49,2,4B,4B,可行,可行,https://huggingface.co/Qwen/Qwen3-Reranker-4B,https://modelscope.cn/models/Qwen/Qwen3-Reranker-4B,2026-04-16T08:56:07.000Z,
Qwen3-Embedding/Reranker,Qwen3-Reranker-8B,重排,官方默认权重,15.25,5,8B,8B,可行,可行,https://huggingface.co/Qwen/Qwen3-Reranker-8B,https://modelscope.cn/models/Qwen/Qwen3-Reranker-8B,2026-04-16T08:56:16.000Z,
Qwen3-Embedding/Reranker,Qwen3-VL-Embedding-2B,向量/检索,官方默认权重,3.96,1,2B,2B,可行,可行,https://huggingface.co/Qwen/Qwen3-VL-Embedding-2B,https://modelscope.cn/models/Qwen/Qwen3-VL-Embedding-2B,2026-04-16T08:54:25.000Z,
Qwen3-Embedding/Reranker,Qwen3-VL-Embedding-8B,向量/检索,官方默认权重,15.17,4,8B,8B,可行,可行,https://huggingface.co/Qwen/Qwen3-VL-Embedding-8B,https://modelscope.cn/models/Qwen/Qwen3-VL-Embedding-8B,2026-04-16T08:55:18.000Z,
Qwen3-Embedding/Reranker,Qwen3-VL-Reranker-2B,重排,官方默认权重,3.96,1,2B,2B,可行,可行,https://huggingface.co/Qwen/Qwen3-VL-Reranker-2B,https://modelscope.cn/models/Qwen/Qwen3-VL-Reranker-2B,2026-04-16T08:55:33.000Z,
Qwen3-Embedding/Reranker,Qwen3-VL-Reranker-8B,重排,官方默认权重,16.33,4,8B,8B,可行,可行,https://huggingface.co/Qwen/Qwen3-VL-Reranker-8B,https://modelscope.cn/models/Qwen/Qwen3-VL-Reranker-8B,2026-04-16T08:55:43.000Z,
Qwen3-ASR/TTS,Qwen3-ASR-0.6B,语音识别/对齐,官方默认权重,1.75,1,0.6B,0.6B,可行,可行,https://huggingface.co/Qwen/Qwen3-ASR-0.6B,https://modelscope.cn/models/Qwen/Qwen3-ASR-0.6B,2026-01-30T03:00:21.000Z,
Qwen3-ASR/TTS,Qwen3-ASR-1.7B,语音识别/对齐,官方默认权重,4.38,2,1.7B,1.7B,可行,可行,https://huggingface.co/Qwen/Qwen3-ASR-1.7B,https://modelscope.cn/models/Qwen/Qwen3-ASR-1.7B,2026-01-30T03:00:12.000Z,
Qwen3-ASR/TTS,Qwen3-ForcedAligner-0.6B,语音识别/对齐,官方默认权重,1.71,1,0.6B,0.6B,可行,可行,https://huggingface.co/Qwen/Qwen3-ForcedAligner-0.6B,https://modelscope.cn/models/Qwen/Qwen3-ForcedAligner-0.6B,2026-01-30T03:00:55.000Z,
Qwen3-ASR/TTS,Qwen3-TTS-12Hz-0.6B-Base,语音合成,Base,2.34,2,0.6B,0.6B,可行,可行,https://huggingface.co/Qwen/Qwen3-TTS-12Hz-0.6B-Base,https://modelscope.cn/models/Qwen/Qwen3-TTS-12Hz-0.6B-Base,2026-01-29T08:01:19.000Z,
Qwen3-ASR/TTS,Qwen3-TTS-12Hz-0.6B-CustomVoice,语音合成,官方默认权重,2.32,2,0.6B,0.6B,可行,可行,https://huggingface.co/Qwen/Qwen3-TTS-12Hz-0.6B-CustomVoice,https://modelscope.cn/models/Qwen/Qwen3-TTS-12Hz-0.6B-CustomVoice,2026-01-29T08:01:51.000Z,
Qwen3-ASR/TTS,Qwen3-TTS-12Hz-1.7B-Base,语音合成,Base,4.23,2,1.7B,1.7B,可行,可行,https://huggingface.co/Qwen/Qwen3-TTS-12Hz-1.7B-Base,https://modelscope.cn/models/Qwen/Qwen3-TTS-12Hz-1.7B-Base,2026-01-23T05:25:33.000Z,
Qwen3-ASR/TTS,Qwen3-TTS-12Hz-1.7B-CustomVoice,语音合成,官方默认权重,4.21,2,1.7B,1.7B,可行,可行,https://huggingface.co/Qwen/Qwen3-TTS-12Hz-1.7B-CustomVoice,https://modelscope.cn/models/Qwen/Qwen3-TTS-12Hz-1.7B-CustomVoice,2026-01-29T08:00:54.000Z,
Qwen3-ASR/TTS,Qwen3-TTS-12Hz-1.7B-VoiceDesign,语音合成,官方默认权重,4.21,2,1.7B,1.7B,可行,可行,https://huggingface.co/Qwen/Qwen3-TTS-12Hz-1.7B-VoiceDesign,https://modelscope.cn/models/Qwen/Qwen3-TTS-12Hz-1.7B-VoiceDesign,2026-01-29T08:04:19.000Z,
Qwen3-ASR/TTS,Qwen3-TTS-Tokenizer-12Hz,语音合成,官方默认权重,0.64,1,未标注,未标注,可行,可行,https://huggingface.co/Qwen/Qwen3-TTS-Tokenizer-12Hz,https://modelscope.cn/models/Qwen/Qwen3-TTS-Tokenizer-12Hz,2026-01-29T08:01:28.000Z,
Qwen-Image,Qwen-Image,图像生成/编辑,官方默认权重,53.74,14,未标注,未标注,可行,可行,https://huggingface.co/Qwen/Qwen-Image,https://modelscope.cn/models/Qwen/Qwen-Image,2025-08-18T02:42:19.000Z,非文本 token 服务主力，按图像任务评估
Qwen-Image,Qwen-Image-2512,图像生成/编辑,官方默认权重,53.74,14,未标注,未标注,可行,可行,https://huggingface.co/Qwen/Qwen-Image-2512,https://modelscope.cn/models/Qwen/Qwen-Image-2512,2025-12-31T09:47:56.000Z,非文本 token 服务主力，按图像任务评估
Qwen-Image,Qwen-Image-Edit,图像生成/编辑,官方默认权重,53.74,14,未标注,未标注,可行,可行,https://huggingface.co/Qwen/Qwen-Image-Edit,https://modelscope.cn/models/Qwen/Qwen-Image-Edit,2025-08-25T04:41:11.000Z,非文本 token 服务主力，按图像任务评估
Qwen-Image,Qwen-Image-Edit-2509,图像生成/编辑,官方默认权重,53.74,10,未标注,未标注,可行,可行,https://huggingface.co/Qwen/Qwen-Image-Edit-2509,https://modelscope.cn/models/Qwen/Qwen-Image-Edit-2509,2025-09-22T13:37:12.000Z,非文本 token 服务主力，按图像任务评估
Qwen-Image,Qwen-Image-Edit-2511,图像生成/编辑,官方默认权重,53.74,10,未标注,未标注,可行,可行,https://huggingface.co/Qwen/Qwen-Image-Edit-2511,https://modelscope.cn/models/Qwen/Qwen-Image-Edit-2511,2025-12-23T13:13:52.000Z,非文本 token 服务主力，按图像任务评估
Qwen-Image,Qwen-Image-Layered,图像生成/编辑,官方默认权重,53.74,10,未标注,未标注,可行,可行,https://huggingface.co/Qwen/Qwen-Image-Layered,https://modelscope.cn/models/Qwen/Qwen-Image-Layered,2025-12-19T09:11:18.000Z,非文本 token 服务主力，按图像任务评估
